date,usd_inr_rate
2015-01-04,63.2855
2015-01-05,63.2855
2015-01-06,63.43
2015-01-07,63.34
2015-01-08,63.29
2015-01-09,62.49
2015-01-10,62.16
2015-01-11,62.3555
2015-01-12,62.3555
2015-01-13,62.08
2015-01-14,62.0
2015-01-15,62.13
2015-01-16,61.865
2015-01-17,61.61
2015-01-18,61.8705
2015-01-19,61.8705
2015-01-20,61.64
2015-01-21,61.705
2015-01-22,61.56
2015-01-23,61.36
2015-01-24,61.43
2015-01-25,61.4405
2015-01-26,61.4405
2015-01-27,61.465
2015-01-28,61.4
2015-01-29,61.32
2015-01-30,61.9515
2015-01-31,62.16
2015-02-01,62.0205
2015-02-02,62.0205
2015-02-03,61.705
2015-02-04,61.6275
2015-02-05,61.7505
2015-02-06,61.6875
2015-02-07,61.9875
2015-02-08,61.9705
2015-02-09,61.9705
2015-02-10,62.1175
2015-02-11,62.3265
2015-02-12,62.495
2015-02-13,62.0705
2015-02-14,62.0415
2015-02-15,62.075
2015-02-16,62.0765
2015-02-17,62.1465
2015-02-18,62.1525
2015-02-19,62.2335
2015-02-20,62.0905
2015-02-21,62.2505
2015-02-22,62.1085
2015-02-23,62.1085
2015-02-24,62.1655
2015-02-25,62.0
2015-02-26,61.8585
2015-02-27,61.7525
2015-02-28,61.68
2015-03-01,61.6585
2015-03-02,61.6585
2015-03-03,61.8865
2015-03-04,61.7805
2015-03-05,62.2995
2015-03-06,62.2655
2015-03-07,62.81
2015-03-08,62.4605
2015-03-09,62.4605
2015-03-10,62.705
2015-03-11,62.87
2015-03-12,62.86
2015-03-13,62.555
2015-03-14,63.0735
2015-03-15,63.0835
2015-03-16,63.0835
2015-03-17,62.7935
2015-03-18,62.73
2015-03-19,62.665
2015-03-20,62.48
2015-03-21,62.225
2015-03-22,62.4105
2015-03-23,62.4105
2015-03-24,62.16
2015-03-25,62.3565
2015-03-26,62.3835
2015-03-27,62.855
2015-03-28,62.5005
2015-03-29,62.5225
2015-03-30,62.5225
2015-03-31,62.5005
2015-04-01,62.32
2015-04-02,62.1515
2015-04-03,62.1525
2015-04-04,61.99
2015-04-05,62.0675
2015-04-06,62.0675
2015-04-07,62.18
2015-04-08,62.255
2015-04-09,62.25
2015-04-10,62.2575
2015-04-11,62.2205
2015-04-12,62.2765
2015-04-13,62.2765
2015-04-14,62.43
2015-04-15,62.2925
2015-04-16,62.3155
2015-04-17,62.2975
2015-04-18,62.4865
2015-04-19,62.5505
2015-04-20,62.5505
2015-04-21,63.16
2015-04-22,62.88
2015-04-23,62.9145
2015-04-24,63.2325
2015-04-25,63.735
2015-04-26,63.6625
2015-04-27,63.6625
2015-04-28,63.315
2015-04-29,63.0495
2015-04-30,63.45
2015-05-01,63.5545
2015-05-02,63.715
2015-05-03,63.5305
2015-05-04,63.5305
2015-05-05,63.6065
2015-05-06,63.3315
2015-05-07,63.67
2015-05-08,64.1125
2015-05-09,63.7
2015-05-10,63.7115
2015-05-11,63.7115
2015-05-12,63.9025
2015-05-13,64.2125
2015-05-14,63.9545
2015-05-15,63.34
2015-05-16,63.3515
2015-05-17,63.4405
2015-05-18,63.4405
2015-05-19,63.6075
2015-05-20,63.7765
2015-05-21,63.665
2015-05-22,63.5275
2015-05-23,63.4795
2015-05-24,63.4905
2015-05-25,63.4905
2015-05-26,63.4965
2015-05-27,63.8875
2015-05-28,63.9165
2015-05-29,63.7485
2015-05-30,63.7095
2015-05-31,63.7435
2015-06-01,63.7435
2015-06-02,63.6145
2015-06-03,63.6685
2015-06-04,64.0465
2015-06-05,63.9905
2015-06-06,64.105
2015-06-07,63.7695
2015-06-08,63.7695
2015-06-09,63.9595
2015-06-10,64.0305
2015-06-11,63.7915
2015-06-12,64.0035
2015-06-13,64.0275
2015-06-14,64.0995
2015-06-15,64.0995
2015-06-16,64.0435
2015-06-17,64.2165
2015-06-18,64.1325
2015-06-19,63.6025
2015-06-20,63.4555
2015-06-21,63.4995
2015-06-22,63.4995
2015-06-23,63.4805
2015-06-24,63.5805
2015-06-25,63.5105
2015-06-26,63.5055
2015-06-27,63.5985
2015-06-28,63.4515
2015-06-29,63.4515
2015-06-30,63.67
2015-07-01,63.64
2015-07-02,63.5985
2015-07-03,63.3615
2015-07-04,63.4345
2015-07-05,63.485
2015-07-06,63.4115
2015-07-07,63.2585
2015-07-08,63.55
2015-07-09,63.495
2015-07-10,63.3115
2015-07-11,63.3295
2015-07-12,63.3595
2015-07-13,63.3595
2015-07-14,63.4345
2015-07-15,63.3365
2015-07-16,63.4905
2015-07-17,63.4495
2015-07-18,63.4725
2015-07-19,63.485
2015-07-20,63.485
2015-07-21,63.5815
2015-07-22,63.5695
2015-07-23,63.6575
2015-07-24,63.8295
2015-07-25,64.0595
2015-07-26,64.1075
2015-07-27,64.1075
2015-07-28,64.2125
2015-07-29,63.7885
2015-07-30,63.8
2015-07-31,64.1395
2015-08-01,63.9405
2015-08-02,63.9875
2015-08-03,63.9875
2015-08-04,64.1025
2015-08-05,63.7915
2015-08-06,63.7105
2015-08-07,63.7025
2015-08-08,63.7455
2015-08-09,63.7385
2015-08-10,63.7385
2015-08-11,63.7545
2015-08-12,64.43
2015-08-13,65.07
2015-08-14,65.2645
2015-08-15,65.0715
2015-08-16,65.1295
2015-08-17,65.1295
2015-08-18,65.4055
2015-08-19,65.4725
2015-08-20,65.2085
2015-08-21,65.49
2015-08-22,66.21
2015-08-23,66.0335
2015-08-24,66.0335
2015-08-25,66.93
2015-08-26,66.0895
2015-08-27,66.1275
2015-08-28,66.0095
2015-08-29,66.1905
2015-08-30,66.1505
2015-08-31,66.1505
2015-09-01,66.3475
2015-09-02,66.3575
2015-09-03,66.1625
2015-09-04,66.1075
2015-09-05,66.6625
2015-09-06,66.6855
2015-09-07,66.6855
2015-09-08,66.9065
2015-09-09,66.4705
2015-09-10,66.4765
2015-09-11,66.3775
2015-09-12,66.34
2015-09-13,66.2415
2015-09-14,66.2415
2015-09-15,66.3105
2015-09-16,66.3885
2015-09-17,66.185
2015-09-18,66.1035
2015-09-19,65.7265
2015-09-20,65.8685
2015-09-21,65.8685
2015-09-22,65.6895
2015-09-23,65.8795
2015-09-24,66.21
2015-09-25,66.1915
2015-09-26,66.1315
2015-09-27,66.1705
2015-09-28,66.1705
2015-09-29,66.3
2015-09-30,65.8665
2015-10-01,65.5205
2015-10-02,65.5905
2015-10-03,65.25
2015-10-04,65.3645
2015-10-05,65.3645
2015-10-06,65.1325
2015-10-07,65.2
2015-10-08,64.8875
2015-10-09,64.8985
2015-10-10,64.7415
2015-10-11,64.7795
2015-10-12,64.7795
2015-10-13,64.7475
2015-10-14,65.1185
2015-10-15,64.8835
2015-10-16,64.7685
2015-10-17,64.77
2015-10-18,64.7025
2015-10-19,64.7025
2015-10-20,64.9215
2015-10-21,64.9775
2015-10-22,65.18
2015-10-23,64.89
2015-10-24,65.04
2015-10-25,64.8925
2015-10-26,64.8925
2015-10-27,64.7935
2015-10-28,65.08
2015-10-29,64.8865
2015-10-30,65.45
2015-10-31,65.4065
2015-11-01,65.4225
2015-11-02,65.4225
2015-11-03,65.5925
2015-11-04,65.5835
2015-11-05,65.5
2015-11-06,65.9
2015-11-07,66.11
2015-11-08,66.1405
2015-11-09,66.1405
2015-11-10,66.45
2015-11-11,66.22
2015-11-12,66.13
2015-11-13,66.15
2015-11-14,66.1225
2015-11-15,66.0585
2015-11-16,66.0585
2015-11-17,66.0215
2015-11-18,65.9645
2015-11-19,66.1445
2015-11-20,66.0635
2015-11-21,66.12
2015-11-22,66.0575
2015-11-23,66.0575
2015-11-24,66.3825
2015-11-25,66.3265
2015-11-26,66.3355
2015-11-27,66.66
2015-11-28,66.8875
2015-11-29,66.9075
2015-11-30,66.9075
2015-12-01,66.4375
2015-12-02,66.4695
2015-12-03,66.5425
2015-12-04,66.8315
2015-12-05,66.6655
2015-12-06,66.6435
2015-12-07,66.6435
2015-12-08,66.7655
2015-12-09,66.85
2015-12-10,66.8365
2015-12-11,66.6955
2015-12-12,67.1135
2015-12-13,67.1485
2015-12-14,67.1485
2015-12-15,67.0975
2015-12-16,66.8045
2015-12-17,66.5815
2015-12-18,66.3135
2015-12-19,66.2385
2015-12-20,66.2555
2015-12-21,66.2555
2015-12-22,66.2025
2015-12-23,66.2035
2015-12-24,66.0715
2015-12-25,66.0115
2015-12-26,66.1
2015-12-27,65.9475
2015-12-28,65.9475
2015-12-29,66.1015
2015-12-30,66.2865
2015-12-31,66.4455
2016-01-01,66.2015
2016-01-02,66.2005
2016-01-03,66.2005
2016-01-04,66.2005
2016-01-05,66.5665
2016-01-06,66.5005
2016-01-07,66.7205
2016-01-08,66.61
2016-01-09,66.93
2016-01-10,66.8475
2016-01-11,66.8475
2016-01-12,66.7855
2016-01-13,66.8645
2016-01-14,66.7485
2016-01-15,67.3835
2016-01-16,67.77
2016-01-17,67.7745
2016-01-18,67.7745
2016-01-19,67.6665
2016-01-20,67.6935
2016-01-21,68.0605
2016-01-22,67.9255
2016-01-23,67.5615
2016-01-24,67.5485
2016-01-25,67.5485
2016-01-26,67.7235
2016-01-27,67.7845
2016-01-28,67.9885
2016-01-29,68.0955
2016-01-30,67.9
2016-01-31,67.8775
2016-02-01,67.8775
2016-02-02,67.93
2016-02-03,67.9405
2016-02-04,67.9315
2016-02-05,67.5685
2016-02-06,67.7885
2016-02-07,67.8095
2016-02-08,67.8095
2016-02-09,67.9995
2016-02-10,67.8875
2016-02-11,67.89
2016-02-12,68.4415
2016-02-13,68.1345
2016-02-14,68.1185
2016-02-15,68.1185
2016-02-16,68.1505
2016-02-17,68.4785
2016-02-18,68.3245
2016-02-19,68.5455
2016-02-20,68.76
2016-02-21,68.5455
2016-02-22,68.5455
2016-02-23,68.5395
2016-02-24,68.5655
2016-02-25,68.5435
2016-02-26,68.8475
2016-02-27,68.8305
2016-02-28,68.7375
2016-02-29,68.7375
2016-03-01,68.2285
2016-03-02,67.7565
2016-03-03,67.375
2016-03-04,67.1465
2016-03-05,66.89
2016-03-06,66.9375
2016-03-07,66.9375
2016-03-08,66.9765
2016-03-09,67.3195
2016-03-10,67.0845
2016-03-11,67.1985
2016-03-12,66.9595
2016-03-13,66.9205
2016-03-14,66.9205
2016-03-15,67.1355
2016-03-16,67.3595
2016-03-17,67.2395
2016-03-18,66.47
2016-03-19,66.3475
2016-03-20,66.3835
2016-03-21,66.3835
2016-03-22,66.5305
2016-03-23,66.6095
2016-03-24,66.9
2016-03-25,66.8395
2016-03-26,66.87
2016-03-27,66.9145
2016-03-28,66.9145
2016-03-29,66.59
2016-03-30,66.32
2016-03-31,66.22
2016-04-01,66.17
2016-04-02,66.32
2016-04-03,66.3655
2016-04-04,66.3655
2016-04-05,66.0555
2016-04-06,66.4245
2016-04-07,66.5705
2016-04-08,66.7245
2016-04-09,66.5255
2016-04-10,66.5515
2016-04-11,66.5515
2016-04-12,66.3185
2016-04-13,66.3045
2016-04-14,66.5075
2016-04-15,66.6725
2016-04-16,66.4935
2016-04-17,66.6605
2016-04-18,66.6605
2016-04-19,66.4645
2016-04-20,66.1615
2016-04-21,66.1225
2016-04-22,66.4575
2016-04-23,66.6655
2016-04-24,66.6605
2016-04-25,66.6605
2016-04-26,66.6815
2016-04-27,66.4035
2016-04-28,66.5115
2016-04-29,66.4345
2016-04-30,66.4285
2016-05-01,66.4255
2016-05-02,66.4255
2016-05-03,66.3595
2016-05-04,66.4765
2016-05-05,66.6395
2016-05-06,66.5535
2016-05-07,66.5765
2016-05-08,66.6015
2016-05-09,66.6015
2016-05-10,66.7115
2016-05-11,66.6175
2016-05-12,66.5335
2016-05-13,66.74
2016-05-14,66.98
2016-05-15,66.925
2016-05-16,66.925
2016-05-17,66.8165
2016-05-18,66.8545
2016-05-19,67.0215
2016-05-20,67.4815
2016-05-21,67.42
2016-05-22,67.4305
2016-05-23,67.4305
2016-05-24,67.4585
2016-05-25,67.7105
2016-05-26,67.2455
2016-05-27,66.9405
2016-05-28,66.9755
2016-05-29,67.0315
2016-05-30,67.0315
2016-05-31,67.1195
2016-06-01,67.1465
2016-06-02,67.4575
2016-06-03,67.2565
2016-06-04,66.925
2016-06-05,66.9995
2016-06-06,66.9995
2016-06-07,66.8125
2016-06-08,66.72
2016-06-09,66.5065
2016-06-10,66.7205
2016-06-11,66.9235
2016-06-12,66.9525
2016-06-13,66.9525
2016-06-14,67.1985
2016-06-15,67.37
2016-06-16,67.1
2016-06-17,67.3135
2016-06-18,67.0925
2016-06-19,67.0735
2016-06-20,67.0735
2016-06-21,67.56
2016-06-22,67.6975
2016-06-23,67.4975
2016-06-24,67.2915
2016-06-25,67.8345
2016-06-26,67.8845
2016-06-27,67.8845
2016-06-28,67.9235
2016-06-29,67.7755
2016-06-30,67.4385
2016-07-01,67.5075
2016-07-02,67.1905
2016-07-03,67.1895
2016-07-04,67.1895
2016-07-05,67.2715
2016-07-06,67.4155
2016-07-07,67.4335
2016-07-08,67.4915
2016-07-09,67.16
2016-07-10,67.1395
2016-07-11,67.1395
2016-07-12,67.1605
2016-07-13,66.99
2016-07-14,67.0135
2016-07-15,66.8365
2016-07-16,67.0975
2016-07-17,67.1405
2016-07-18,67.1405
2016-07-19,67.1455
2016-07-20,67.1845
2016-07-21,67.1735
2016-07-22,67.1615
2016-07-23,67.18
2016-07-24,67.1535
2016-07-25,67.1535
2016-07-26,67.4205
2016-07-27,67.3605
2016-07-28,67.1445
2016-07-29,66.9935
2016-07-30,66.7655
2016-07-31,66.6555
2016-08-01,66.6555
2016-08-02,66.7145
2016-08-03,66.6695
2016-08-04,66.8035
2016-08-05,66.843
2016-08-06,66.846
2016-08-07,66.8425
2016-08-08,66.8425
2016-08-09,66.8295
2016-08-10,66.7795
2016-08-11,66.7635
2016-08-12,66.7655
2016-08-13,66.9065
2016-08-14,66.9085
2016-08-15,66.9085
2016-08-16,66.8677
2016-08-17,66.8674
2016-08-18,66.9751
2016-08-19,66.8525
2016-08-20,67.1419
2016-08-21,67.135
2016-08-22,67.1375
2016-08-23,67.1947
2016-08-24,67.0671
2016-08-25,67.0195
2016-08-26,67.034
2016-08-27,67.0915
2016-08-28,67.1365
2016-08-29,67.1365
2016-08-30,67.11
2016-08-31,67.1555
2016-09-01,66.9401
2016-09-02,66.615
2016-09-03,66.595
2016-09-04,66.7955
2016-09-05,66.5828
2016-09-06,66.465
2016-09-07,66.263
2016-09-08,66.4194
2016-09-09,66.6483
2016-09-10,66.895
2016-09-11,66.7855
2016-09-12,66.7974
2016-09-13,67.0398
2016-09-14,67.084
2016-09-15,66.8365
2016-09-16,66.8642
2016-09-17,67.105
2016-09-18,67.0755
2016-09-19,67.0753
2016-09-20,66.9791
2016-09-21,67.0047
2016-09-22,66.9994
2016-09-23,66.6154
2016-09-24,66.6699
2016-09-25,66.7065
2016-09-26,66.7065
2016-09-27,66.6013
2016-09-28,66.4274
2016-09-29,66.4738
2016-09-30,66.8442
2016-10-01,66.6213
2016-10-02,66.5555
2016-10-03,66.5565
2016-10-04,66.5174
2016-10-05,66.59
2016-10-06,66.55
2016-10-07,66.69
2016-10-08,66.6458
2016-10-09,66.6012
2016-10-10,66.4769
2016-10-11,66.8397
2016-10-12,66.8238
2016-10-13,66.7685
2016-10-14,66.6585
2016-10-15,66.7175
2016-10-16,66.7153
2016-10-17,66.7925
2016-10-18,66.7118
2016-10-19,66.6321
2016-10-20,66.845
2016-10-21,66.9405
2016-10-22,66.9212
2016-10-23,66.9212
2016-10-24,66.8942
2016-10-25,66.8123
2016-10-26,66.8358
2016-10-27,66.864
2016-10-28,66.7987
2016-10-29,66.7785
2016-10-30,66.7914
2016-10-31,66.715
2016-11-01,66.7275
2016-11-02,66.7205
2016-11-03,66.6876
2016-11-04,66.75
2016-11-05,66.7955
2016-11-06,66.7953
2016-11-07,66.74
2016-11-08,66.3725
2016-11-09,66.4925
2016-11-10,67.055
2016-11-11,67.725
2016-11-12,67.5655
2016-11-13,67.5655
2016-11-14,67.94
2016-11-15,67.81
2016-11-16,68.085
2016-11-17,67.9365
2016-11-18,68.13
2016-11-19,68.1905
2016-11-20,68.1753
2016-11-21,68.2275
2016-11-22,68.4125
2016-11-23,68.8805
2016-11-24,68.7665
2016-11-25,68.5803
2016-11-26,68.5185
2016-11-27,68.5185
2016-11-28,68.5755
2016-11-29,68.6355
2016-11-30,68.5655
2016-12-01,68.3453
2016-12-02,68.0505
2016-12-03,68.0305
2016-12-04,68.0228
2016-12-05,68.0865
2016-12-06,67.70345
2016-12-07,67.5105
2016-12-08,67.425
2016-12-09,67.5127
2016-12-10,67.4705
2016-12-11,67.4778
2016-12-12,67.4001
2016-12-13,67.5
2016-12-14,67.4643
2016-12-15,67.9052
2016-12-16,67.8285
2016-12-17,67.845
2016-12-18,67.845
2016-12-19,67.8356
2016-12-20,68.0055
2016-12-21,67.8069
2016-12-22,67.8655
2016-12-23,67.85
2016-12-24,67.8408
2016-12-25,67.8408
2016-12-26,67.77
2016-12-27,67.9947
2016-12-28,68.21005
2016-12-29,67.915
2016-12-30,67.9055
2016-12-31,67.9548
2017-01-01,67.9548
2017-01-02,68.1434
2017-01-03,68.3637
2017-01-04,67.9055
2017-01-05,67.76
2017-01-06,68.1114
2017-01-07,68.1155
2017-01-08,68.1403
2017-01-09,68.09005
2017-01-10,68.26575
2017-01-11,68.2795
2017-01-12,67.9855
2017-01-13,68.1716
2017-01-14,68.1805
2017-01-15,68.1678
2017-01-16,68.091
2017-01-17,67.9164
2017-01-18,68.1178
2017-01-19,68.0944
2017-01-20,68.045
2017-01-21,68.0828
2017-01-22,68.0755
2017-01-23,68.1
2017-01-24,68.13
2017-01-25,68.0415
2017-01-26,68.18
2017-01-27,68.07005
2017-01-28,68.105
2017-01-29,68.105
2017-01-30,67.8088
2017-01-31,67.4856
2017-02-01,67.4599
2017-02-02,67.2091
2017-02-03,67.1365
2017-02-04,67.1845
2017-02-05,67.1673
2017-02-06,67.2035
2017-02-07,67.35
2017-02-08,67.0485
2017-02-09,66.744
2017-02-10,66.8285
2017-02-11,66.8535
2017-02-12,66.8524
2017-02-13,66.9965
2017-02-14,66.8841
2017-02-15,66.845
2017-02-16,67.135
2017-02-17,67.1
2017-02-18,67.0805
2017-02-19,67.0752
2017-02-20,66.9087
2017-02-21,67.0235
2017-02-22,66.9833
2017-02-23,66.68855
2017-02-24,66.6983
2017-02-25,66.645
2017-02-26,66.645
2017-02-27,66.7
2017-02-28,66.683
2017-03-01,66.775
2017-03-02,66.8017
2017-03-03,66.7888
2017-03-04,66.7805
2017-03-05,66.7805
2017-03-06,66.644
2017-03-07,66.62725
2017-03-08,66.76725
2017-03-09,66.6551
2017-03-10,66.625
2017-03-11,66.5555
2017-03-12,66.495
2017-03-13,66.1742
2017-03-14,65.7945
2017-03-15,65.565
2017-03-16,65.42365
2017-03-17,65.4287
2017-03-18,65.4755
2017-03-19,65.4781
2017-03-20,65.32165
2017-03-21,65.415
2017-03-22,65.415
2017-03-23,65.454
2017-03-24,65.4035
2017-03-25,65.4031
2017-03-26,65.4031
2017-03-27,65.0575
2017-03-28,65.0459
2017-03-29,64.8749
2017-03-30,64.785
2017-03-31,64.8599
2017-04-02,64.8067
2017-04-03,65.0267
2017-04-04,65.0388
2017-04-05,65.0351
2017-04-06,64.5883
2017-04-07,64.2619
2017-04-08,64.2705
2017-04-09,64.2705
2017-04-10,64.57
2017-04-11,64.69
2017-04-12,64.73
2017-04-13,64.5
2017-04-14,64.485
2017-04-15,64.4455
2017-04-16,64.4637
2017-04-17,64.415
2017-04-18,64.5796
2017-04-19,64.66
2017-04-20,64.72
2017-04-21,64.6511
2017-04-22,64.6505
2017-04-23,64.6518
2017-04-24,64.4935
2017-04-25,64.33
2017-04-26,64.127
2017-04-27,64.1161
2017-04-28,64.2617
2017-04-29,64.2905
2017-04-30,64.2683
2017-05-01,64.26
2017-05-02,64.17
2017-05-04,64.23
2017-05-05,64.24
2017-05-06,64.3155
2017-05-07,64.3155
2017-05-08,64.368
2017-05-09,64.6901
2017-05-10,64.5351
2017-05-11,64.3929
2017-05-12,64.155
2017-05-13,64.2435
2017-05-14,64.1755
2017-05-15,64.0251
2017-05-16,64.0449
2017-05-17,64.1261
2017-05-18,64.9542
2017-05-20,64.5655
2017-05-21,64.4585
2017-05-22,64.5351
2017-05-23,64.8937
2017-05-24,64.7751
2017-05-25,64.5491
2017-05-26,64.5294
2017-05-27,64.5232
2017-05-28,64.5232
2017-05-29,64.5399
2017-05-30,64.58
2017-05-31,64.5099
2017-06-01,64.3951
2017-06-02,64.26
2017-06-03,64.415
2017-06-04,64.415
2017-06-05,64.34
2017-06-06,64.43
2017-06-07,64.4452
2017-06-08,64.255
2017-06-09,64.37
2017-06-10,64.2455
2017-06-11,64.387
2017-06-12,64.48
2017-06-13,64.3667
2017-06-14,64.0673
2017-06-15,64.6057
2017-06-16,64.4633
2017-06-17,64.405
2017-06-18,64.405
2017-06-19,64.4783
2017-06-20,64.645
2017-06-21,64.59
2017-06-22,64.6099
2017-06-23,64.4749
2017-06-24,64.5055
2017-06-25,64.5055
2017-06-26,64.41
2017-06-27,64.4751
2017-06-28,64.5049
2017-06-29,64.7953
2017-06-30,64.6199
2017-07-01,64.6168
2017-07-02,64.6168
2017-07-03,64.8553
2017-07-04,64.7699
2017-07-05,64.7993
2017-07-06,64.725
2017-07-07,64.595
2017-07-08,64.6255
2017-07-09,64.6217
2017-07-10,64.4749
2017-07-11,64.5354
2017-07-12,64.41
2017-07-13,64.4599
2017-07-14,64.28
2017-07-15,64.4235
2017-07-16,64.4235
2017-07-17,64.3401
2017-07-18,64.3357
2017-07-19,64.2651
2017-07-20,64.375
2017-07-21,64.3851
2017-07-22,64.4711
2017-07-23,64.4711
2017-07-24,64.3902
2017-07-25,64.445
2017-07-26,64.3375
2017-07-27,64.1251
2017-07-28,64.1151
2017-07-29,64.1335
2017-07-30,64.1335
2017-07-31,64.1801
2017-08-01,64.0951
2017-08-02,63.635
2017-08-03,63.7001
2017-08-04,63.6501
2017-08-05,63.6755
2017-08-06,63.6751
2017-08-07,63.8451
2017-08-08,63.015
2017-08-09,63.1815
2017-08-10,64.0575
2017-08-11,64.055
2017-08-12,64.091
2017-08-13,64.091
2017-08-14,64.075
2017-08-15,64.2155
2017-08-16,64.1701
2017-08-17,64.095
2017-08-18,64.095
2017-08-19,64.0955
2017-08-20,64.0859
2017-08-21,64.175
2017-08-23,64.045
2017-08-24,64.045
2017-08-25,64.0051
2017-08-26,64.0055
2017-08-27,64.0055
2017-08-28,63.8
2017-08-29,63.95
2017-08-30,64.0
2017-08-31,63.98
2017-09-01,63.825
2017-09-02,64.0255
2017-09-03,64.0255
2017-09-04,64.01
2017-09-05,64.105
2017-09-06,64.0601
2017-09-07,63.975
2017-09-08,63.945
2017-09-09,63.7855
2017-09-10,63.941
2017-09-11,63.935
2017-09-12,64.0309
2017-09-13,64.135
2017-09-14,64.195
2017-09-15,64.1211
2017-09-16,64.1105
2017-09-17,64.1302
2017-09-18,64.1581
2017-09-19,64.305
2017-09-20,64.3449
2017-09-21,64.91
2017-09-22,64.865
2017-09-23,64.7955
2017-09-24,64.901
2017-09-25,65.275
2017-09-26,65.4587
2017-09-27,65.5149
2017-09-28,65.4249
2017-09-29,65.345
2017-09-30,65.3105
2017-10-01,65.3033
2017-10-02,65.5775
2017-10-03,65.4768
2017-10-04,65.075
2017-10-05,65.135
2017-10-06,65.47
2017-10-07,65.4242
2017-10-08,65.4242
2017-10-09,65.4234
2017-10-10,65.215
2017-10-11,65.1601
2017-10-12,65.0451
2017-10-14,64.7
2017-10-15,64.683
2017-10-16,64.7002
2017-10-17,65.029
2017-10-18,65.065
2017-10-19,64.995
2017-10-20,65.0409
2017-10-21,65.0405
2017-10-22,65.1141
2017-10-23,65.0218
2017-10-24,65.2012
2017-10-25,64.9249
2017-10-26,64.925
2017-10-27,64.96
2017-10-28,65.0405
2017-10-29,64.8834
2017-10-30,64.8399
2017-10-31,64.749
2017-11-01,64.564
2017-11-02,64.57275
2017-11-03,64.66005
2017-11-04,64.5605
2017-11-05,64.7034
2017-11-06,64.6151
2017-11-07,65.155
2017-11-08,64.9385
2017-11-09,65.095
2017-11-10,65.36
2017-11-11,65.1905
2017-11-12,65.1905
2017-11-13,65.47225
2017-11-14,65.4218
2017-11-15,65.345
2017-11-16,65.24
2017-11-17,65.0135
2017-11-18,65.0155
2017-11-19,64.915
2017-11-20,65.0388
2017-11-21,64.815
2017-11-22,64.879
2017-11-23,64.5951
2017-11-24,64.56
2017-11-25,64.555
2017-11-26,64.555
2017-11-27,64.4788
2017-11-28,64.41225
2017-11-29,64.40005
2017-11-30,64.471
2017-12-01,64.545
2017-12-02,64.5205
2017-12-03,64.519
2017-12-04,64.3867
2017-12-05,64.375
2017-12-06,64.555
2017-12-07,64.545
2017-12-08,64.4414
2017-12-09,64.483
2017-12-11,64.3661
2017-12-12,64.565
2017-12-13,64.3763
2017-12-14,64.24
2017-12-15,64.0522
2017-12-16,64.0805
2017-12-17,64.0823
2017-12-18,64.24
2017-12-19,64.055
2017-12-20,63.9798
2017-12-21,64.0285
2017-12-22,64.019
2017-12-23,64.0178
2017-12-24,64.0178
2017-12-25,64.019
2017-12-26,64.04
2017-12-27,64.1521
2017-12-28,64.0785
2017-12-29,63.82
2017-12-30,63.8405
2017-12-31,63.8508
2018-01-01,63.83805
2018-01-02,63.455
2018-01-03,63.4401
2018-01-04,63.399
2018-01-05,63.295
2018-01-06,63.3405
2018-01-07,63.275
2018-01-08,63.489
2018-01-09,63.675
2018-01-10,63.7724
2018-01-11,63.6605
2018-01-12,63.6191
2018-01-13,63.5985
2018-01-14,63.5985
2018-01-15,63.525
2018-01-16,64.01735
2018-01-17,63.865
2018-01-18,63.88025
2018-01-19,63.8485
2018-01-20,63.8305
2018-01-21,63.8305
2018-01-22,63.965
2018-01-23,63.7693
2018-01-24,63.595
2018-01-25,63.4681
2018-01-26,63.61
2018-01-27,63.585
2018-01-28,63.585
2018-01-29,63.6625
2018-01-30,63.7801
2018-01-31,63.5837
2018-02-01,63.9637
2018-02-02,64.1271
2018-02-03,64.1425
2018-02-04,64.1425
2018-02-05,64.0685
2018-02-06,64.2633
2018-02-07,64.2258
2018-02-08,64.48
2018-02-09,64.365
2018-02-10,64.2213
2018-02-11,64.2213
2018-02-12,64.2945
2018-02-13,64.274
2018-02-14,64.0959
2018-02-15,63.9358
2018-02-16,64.355
2018-02-17,64.39
2018-02-18,64.39
2018-02-19,64.4725
2018-02-20,64.91
2018-02-21,64.77225
2018-02-22,64.9867
2018-02-23,64.875
2018-02-24,64.7105
2018-02-25,64.7105
2018-02-26,64.7916
2018-02-27,65.125
2018-02-28,65.235
2018-03-01,65.265
2018-03-02,65.2419
2018-03-03,65.1967
2018-03-04,65.1967
2018-03-05,65.064
2018-03-06,64.9055
2018-03-07,64.955
2018-03-08,65.145
2018-03-09,64.9991
2018-03-10,65.005
2018-03-11,65.005
2018-03-12,64.9919
2018-03-13,64.71
2018-03-14,64.85225
2018-03-15,64.9514
2018-03-16,65.065
2018-03-17,65.075
2018-03-18,65.075
2018-03-19,65.3104
2018-03-20,65.28
2018-03-21,65.2083
2018-03-22,65.11
2018-03-23,64.9915
2018-03-24,64.9905
2018-03-25,65.025
2018-03-26,64.6977
2018-03-27,64.835
2018-03-28,65.135
2018-03-29,65.08
2018-03-30,65.0299
2018-04-01,65.1155
2018-04-02,65.135
2018-04-03,65.0062
2018-04-04,65.005
2018-04-05,64.835
2018-04-06,64.905
2018-04-07,64.9145
2018-04-08,64.9145
2018-04-09,64.835
2018-04-10,64.9599
2018-04-11,65.1645
2018-04-12,65.2922
2018-04-13,65.2549
2018-04-14,65.2056
2018-04-15,65.2056
2018-04-16,65.455
2018-04-17,65.6712
2018-04-18,65.735
2018-04-19,66.165
2018-04-20,66.215
2018-04-21,66.2105
2018-04-22,66.2069
2018-04-23,66.5389
2018-04-24,66.4002
2018-04-25,66.955
2018-04-26,66.875
2018-04-27,66.615
2018-04-28,66.62
2018-04-29,66.62
2018-04-30,66.465
2018-05-01,66.7958
2018-05-02,66.785
2018-05-03,66.7185
2018-05-04,66.8299
2018-05-05,66.8205
2018-05-06,66.8205
2018-05-07,67.175
2018-05-08,67.04
2018-05-09,67.3733
2018-05-10,67.025
2018-05-11,67.3601
2018-05-12,67.3922
2018-05-13,67.3605
2018-05-14,67.575
2018-05-15,68.525
2018-05-16,67.715
2018-05-17,67.805
2018-05-18,67.9885
2018-05-19,67.9905
2018-05-20,67.985
2018-05-21,68.095
2018-05-22,68.0203
2018-05-23,68.365
2018-05-24,68.305
2018-05-25,67.7824
2018-05-26,67.7317
2018-05-27,67.7317
2018-05-28,67.43
2018-05-29,67.835
2018-05-30,67.48
2018-05-31,67.4167
2018-06-01,66.945
2018-06-02,66.9955
2018-06-03,66.935
2018-06-04,67.0433
2018-06-05,67.1185
2018-06-06,66.8711
2018-06-07,67.485
2018-06-08,67.505
2018-06-09,67.5305
2018-06-10,67.52
2018-06-11,67.505
2018-06-12,67.495
2018-06-13,67.445
2018-06-14,67.715
2018-06-15,68.195
2018-06-16,68.47
2018-06-17,68.06
2018-06-18,68.105
2018-06-19,68.115
2018-06-20,68.075
2018-06-21,67.845
2018-06-22,67.865
2018-06-23,67.8649
2018-06-24,67.8649
2018-06-25,68.125
2018-06-26,68.3322
2018-06-27,68.845
2018-06-28,68.825
2018-06-29,68.469
2018-06-30,68.445
2018-07-01,68.445
2018-07-02,68.725
2018-07-03,68.5654
2018-07-04,68.97
2018-07-05,68.825
2018-07-06,68.8047
2018-07-07,68.765
2018-07-08,68.765
2018-07-09,68.665
2018-07-10,68.655
2018-07-11,68.765
2018-07-12,68.305
2018-07-13,68.4513
2018-07-14,68.4967
2018-07-15,68.4967
2018-07-16,68.545
2018-07-17,68.425
2018-07-18,68.465
2018-07-19,69.045
2018-07-20,68.7527
2018-07-21,68.7405
2018-07-22,68.7433
2018-07-23,68.955
2018-07-24,68.885
2018-07-25,68.695
2018-07-26,68.695
2018-07-27,68.635
2018-07-28,68.625
2018-07-29,68.625
2018-07-30,68.607
2018-07-31,68.444
2018-08-01,68.31
2018-08-02,68.555
2018-08-03,68.5317
2018-08-04,68.515
2018-08-05,68.515
2018-08-06,68.813
2018-08-07,68.628
2018-08-08,68.605
2018-08-09,68.7613
2018-08-10,69.115
2018-08-11,69.095
2018-08-12,69.095
2018-08-13,70.135
2018-08-14,70.045
2018-08-15,70.375
2018-08-16,70.05
2018-08-17,70.005
2018-08-18,69.795
2018-08-19,69.795
2018-08-20,69.81
2018-08-21,69.805
2018-08-22,69.825
2018-08-23,70.175
2018-08-24,69.853
2018-08-25,69.775
2018-08-26,69.775
2018-08-27,69.9
2018-08-28,70.095
2018-08-29,70.5283
2018-08-30,70.985
2018-08-31,70.885
2018-09-01,70.87
2018-09-02,71.005
2018-09-03,71.17
2018-09-04,71.35
2018-09-05,71.53
2018-09-06,71.9601
2018-09-07,72.085
2018-09-08,72.105
2018-09-09,72.105
2018-09-10,72.57
2018-09-11,72.585
2018-09-12,71.88
2018-09-13,71.645
2018-09-14,71.96
2018-09-15,72.105
2018-09-16,72.105
2018-09-17,72.445
2018-09-18,72.715
2018-09-19,71.965
2018-09-20,71.75
2018-09-21,72.285
2018-09-22,72.24
2018-09-23,72.24
2018-09-24,72.855
2018-09-25,72.685
2018-09-26,72.535
2018-09-27,72.555
2018-09-28,72.53
2018-09-29,72.515
2018-09-30,72.515
2018-10-01,73.185
2018-10-02,73.355
2018-10-03,73.455
2018-10-04,73.855
2018-10-05,74.185
2018-10-06,73.7705
2018-10-07,73.7705
2018-10-08,73.975
2018-10-09,74.095
2018-10-10,74.225
2018-10-11,73.81
2018-10-12,73.66
2018-10-13,73.686
2018-10-14,73.686
2018-10-15,73.74
2018-10-16,73.265
2018-10-17,73.385
2018-10-18,73.685
2018-10-19,73.422
2018-10-20,73.475
2018-10-21,73.475
2018-10-22,73.665
2018-10-23,73.38
2018-10-24,73.28
2018-10-25,73.23
2018-10-26,73.145
2018-10-27,73.125
2018-10-28,73.135
2018-10-29,73.445
2018-10-30,73.58
2018-10-31,74.06
2018-11-01,73.105
2018-11-02,72.91
2018-11-03,72.915
2018-11-04,72.915
2018-11-05,72.9
2018-11-06,73.005
2018-11-07,72.425
2018-11-08,72.6
2018-11-09,72.675
2018-11-10,72.48
2018-11-11,72.48
2018-11-12,72.925
2018-11-13,72.335
2018-11-14,72.195
2018-11-15,71.925
2018-11-16,71.877
2018-11-17,71.785
2018-11-18,71.785
2018-11-19,71.455
2018-11-20,71.43
2018-11-21,71.095
2018-11-22,70.67
2018-11-23,70.53
2018-11-24,70.6555
2018-11-25,70.675
2018-11-26,70.765
2018-11-27,70.935
2018-11-28,70.665
2018-11-29,69.785
2018-11-30,69.695
2018-12-01,69.77
2018-12-02,69.77
2018-12-03,70.435
2018-12-04,70.513
2018-12-05,70.685
2018-12-06,70.725
2018-12-07,71.1633
2018-12-08,71.375
2018-12-09,71.375
2018-12-10,72.435
2018-12-11,72.255
2018-12-12,71.835
2018-12-13,71.495
2018-12-14,71.9
2018-12-15,71.92
2018-12-16,71.92
2018-12-17,71.615
2018-12-18,70.515
2018-12-19,70.265
2018-12-20,70.075
2018-12-21,70.12
2018-12-22,70.14
2018-12-23,70.14
2018-12-24,69.985
2018-12-25,70.26
2018-12-26,70.045
2018-12-27,70.255
2018-12-28,69.905
2018-12-29,69.925
2018-12-30,69.9325
2018-12-31,69.56
2019-01-01,69.525
2019-01-02,70.025
2019-01-03,70.13
2019-01-04,69.617
2019-01-05,69.535
2019-01-06,69.535
2019-01-07,69.775
2019-01-08,70.1499
2019-01-09,70.48
2019-01-10,70.425
2019-01-11,70.3949
2019-01-12,70.38
2019-01-13,70.38
2019-01-14,70.755
2019-01-15,71.0612
2019-01-16,70.985
2019-01-17,71.115
2019-01-18,71.23
2019-01-19,71.255
2019-01-20,71.255
2019-01-21,71.18
2019-01-22,71.225
2019-01-23,71.229
2019-01-24,71.015
2019-01-25,70.915
2019-01-26,70.9005
2019-01-27,70.9005
2019-01-28,71.0813
2019-01-29,71.43
2019-01-30,71.265
2019-01-31,70.95
2019-02-01,71.455
2019-02-02,71.46
2019-02-03,71.4617
2019-02-04,71.7
2019-02-05,71.554
2019-02-06,71.56
2019-02-07,71.355
2019-02-08,71.215
2019-02-09,71.1755
2019-02-10,71.1755
2019-02-11,71.175
2019-02-12,70.575
2019-02-13,70.855
2019-02-14,71.155
2019-02-15,71.365
2019-02-16,71.335
2019-02-17,71.33
2019-02-18,71.38
2019-02-19,71.305
2019-02-20,70.99
2019-02-21,71.185
2019-02-22,71.025
2019-02-23,71.0355
2019-02-25,70.825
2019-02-26,71.05
2019-02-27,71.1525
2019-02-28,70.855
2019-03-01,70.93005
2019-03-02,71.0
2019-03-03,71.0
2019-03-04,70.9351
2019-03-05,70.585
2019-03-06,70.098
2019-03-07,70.131
2019-03-08,69.97055
2019-03-09,69.9969
2019-03-10,70.0115
2019-03-11,69.8481
2019-03-12,69.6075
2019-03-13,69.4925
2019-03-14,69.3315
2019-03-15,68.988
2019-03-16,68.963
2019-03-17,68.963
2019-03-18,68.64755
2019-03-19,69.04
2019-03-20,68.803
2019-03-21,68.8225
2019-03-22,69.22005
2019-03-23,69.17
2019-03-24,69.1705
2019-03-25,68.892
2019-03-26,68.962
2019-03-27,69.052
2019-03-28,69.194
2019-03-29,69.3275
2019-03-30,69.44
2019-03-31,69.44
2019-04-01,69.20705
2019-04-02,68.90505
2019-04-03,68.413
2019-04-04,68.96355
2019-04-05,69.166
2019-04-07,69.231
2019-04-08,69.58005
2019-04-09,69.277
2019-04-10,69.1425
2019-04-11,69.016
2019-04-12,69.227
2019-04-13,69.1905
2019-04-14,69.171
2019-04-15,69.403
2019-04-16,69.53
2019-04-17,69.415
2019-04-18,69.4055
2019-04-19,69.3675
2019-04-20,69.39
2019-04-21,69.39
2019-04-22,69.6585
2019-04-23,69.76
2019-04-24,69.961
2019-04-25,70.253
2019-04-26,69.7995
2019-04-27,69.8505
2019-04-28,69.8505
2019-04-29,69.833
2019-04-30,69.558
2019-05-01,69.5675
2019-05-02,69.41
2019-05-03,69.152
2019-05-04,69.178
2019-05-05,69.178
2019-05-06,69.373
2019-05-07,69.602
2019-05-08,69.739
2019-05-09,70.141
2019-05-10,70.0151
2019-05-11,69.9325
2019-05-12,69.9325
2019-05-13,70.5425
2019-05-14,70.3141
2019-05-15,70.256
2019-05-16,70.163
2019-05-17,70.3355
2019-05-18,70.348
2019-05-19,70.348
2019-05-20,69.773
2019-05-21,69.638
2019-05-22,69.724
2019-05-23,69.6675
2019-05-24,69.3875
2019-05-25,69.3805
2019-05-26,69.37
2019-05-27,69.4775
2019-05-28,69.5995
2019-05-29,69.863
2019-05-30,69.7935
2019-05-31,69.5835
2019-06-01,69.5796
2019-06-02,69.5805
2019-06-03,69.1689
2019-06-04,69.39
2019-06-05,69.3895
2019-06-06,69.225
2019-06-07,69.3375
2019-06-08,69.39
2019-06-09,69.39
2019-06-10,69.4825
2019-06-11,69.405
2019-06-12,69.38755
2019-06-13,69.5175
2019-06-14,69.83
2019-06-15,69.8335
2019-06-16,69.8335
2019-06-17,69.843
2019-06-18,69.485
2019-06-19,69.6817
2019-06-20,69.5505
2019-06-21,69.5675
2019-06-22,69.58
2019-06-23,69.58
2019-06-24,69.2755
2019-06-25,69.254
2019-06-26,69.16
2019-06-27,69.03005
2019-06-28,68.9259
2019-06-29,68.9503
2019-06-30,68.9503
2019-07-01,68.909
2019-07-02,68.89
2019-07-03,68.8
2019-07-04,68.56
2019-07-05,68.559
2019-07-06,68.45
2019-07-07,68.45
2019-07-08,68.598
2019-07-09,68.5785
2019-07-10,68.365
2019-07-11,68.4425
2019-07-12,68.563
2019-07-13,68.5603
2019-07-14,68.5603
2019-07-15,68.535
2019-07-16,68.7099
2019-07-17,68.8457
2019-07-18,68.8619
2019-07-19,68.8555
2019-07-20,68.8605
2019-07-21,68.8605
2019-07-22,68.915
2019-07-23,69.0415
2019-07-24,68.95
2019-07-25,69.0848
2019-07-26,69.1025
2019-07-27,68.86
2019-07-28,68.86
2019-07-29,68.7475
2019-07-30,68.8833
2019-07-31,68.877
2019-08-01,68.954
2019-08-02,69.6209
2019-08-03,69.6669
2019-08-04,69.6669
2019-08-05,70.9305
2019-08-06,71.052
2019-08-07,71.07
2019-08-08,70.43
2019-08-09,71.0915
2019-08-10,71.0421
2019-08-11,71.0421
2019-08-12,71.2508
2019-08-13,71.086
2019-08-14,71.5525
2019-08-15,71.527
2019-08-16,71.2295
2019-08-18,71.142
2019-08-19,71.5905
2019-08-20,71.527
2019-08-21,71.415
2019-08-22,71.9258
2019-08-23,71.7085
2019-08-24,71.5125
2019-08-25,71.5125
2019-08-26,71.768
2019-08-27,71.53
2019-08-28,71.7761
2019-08-29,71.652
2019-08-30,71.742
2019-08-31,71.7399
2019-09-01,71.7399
2019-09-02,72.02
2019-09-03,72.1805
2019-09-04,72.0094
2019-09-05,71.8305
2019-09-06,71.6
2019-09-07,71.6455
2019-09-08,71.6455
2019-09-09,71.73
2019-09-10,71.855
2019-09-11,71.524
2019-09-12,71.004
2019-09-13,70.983
2019-09-14,71.0307
2019-09-15,71.0307
2019-09-16,71.613
2019-09-17,71.5335
2019-09-18,71.085
2019-09-19,71.3507
2019-09-20,71.038
2019-09-21,71.1972
2019-09-22,71.1972
2019-09-23,70.799
2019-09-24,70.9697
2019-09-25,71.031
2019-09-26,70.999
2019-09-27,70.6635
2019-09-28,70.655
2019-09-29,70.5085
2019-09-30,70.6665
2019-10-01,71.0955
2019-10-02,71.217
2019-10-03,71.047
2019-10-04,70.8375
2019-10-05,70.8255
2019-10-06,70.8255
2019-10-07,71.0475
2019-10-08,71.2175
2019-10-09,71.109
2019-10-10,70.884
2019-10-11,70.9025
2019-10-12,71.05
2019-10-13,70.9245
2019-10-14,71.2025
2019-10-15,71.499
2019-10-16,71.4055
2019-10-17,71.152
2019-10-18,71.091
2019-10-19,71.0905
2019-10-20,71.0905
2019-10-21,70.916
2019-10-22,70.78
2019-10-23,70.7255
2019-10-24,70.9555
2019-10-25,70.8217
2019-10-26,70.84
2019-10-27,70.84
2019-10-28,70.7128
2019-10-29,70.8823
2019-10-30,70.9675
2019-10-31,71.091
2019-11-01,70.548
2019-11-02,70.705
2019-11-03,70.5221
2019-11-04,70.8055
2019-11-05,70.8525
2019-11-06,71.139
2019-11-07,71.0605
2019-11-08,71.3395
2019-11-09,71.377
2019-11-10,71.377
2019-11-11,71.59
2019-11-12,71.7603
2019-11-13,72.2015
2019-11-14,72.0095
2019-11-15,71.6475
2019-11-16,71.6505
2019-11-18,71.9256
2019-11-19,71.8335
2019-11-20,71.7464
2019-11-21,71.7565
2019-11-22,71.7655
2019-11-23,71.7926
2019-11-24,71.7926
2019-11-25,71.7
2019-11-26,71.5122
2019-11-27,71.265
2019-11-28,71.582
2019-11-29,71.7821
2019-11-30,71.754
2019-12-01,71.754
2019-12-02,71.6585
2019-12-03,71.736
2019-12-04,71.507
2019-12-05,71.2365
2019-12-06,71.2775
2019-12-07,71.297
2019-12-08,71.297
2019-12-09,71.0251
2019-12-10,70.8449
2019-12-11,70.7645
2019-12-12,70.667
2019-12-13,70.717
2019-12-14,70.6895
2019-12-15,70.6895
2019-12-16,70.8895
2019-12-17,71.0515
2019-12-18,71.025
2019-12-19,71.1325
2019-12-20,71.0535
2019-12-21,71.128
2019-12-22,71.128
2019-12-23,71.25
2019-12-24,71.2425
2019-12-25,71.2085
2019-12-26,71.2875
2019-12-27,71.4525
2019-12-28,71.4275
2019-12-29,71.4275
2019-12-30,71.309
2019-12-31,71.18
2020-01-01,71.165
2020-01-02,71.348
2020-01-03,71.7535
2020-01-04,71.761
2020-01-05,71.761
2020-01-06,71.871
2020-01-07,71.831
2020-01-08,71.3695
2020-01-09,71.153
2020-01-10,70.9375
2020-01-11,70.991
2020-01-12,70.989
2020-01-13,70.753
2020-01-14,70.8525
2020-01-15,70.725
2020-01-16,70.9706
2020-01-17,71.096
2020-01-18,71.0437
2020-01-19,71.0437
2020-01-20,71.0125
2020-01-21,71.1695
2020-01-22,71.1015
2020-01-23,71.4497
2020-01-24,71.303
2020-01-25,71.3255
2020-01-26,71.3255
2020-01-27,71.455
2020-01-28,71.218
2020-01-29,71.37
2020-01-30,71.5575
2020-01-31,71.5
2020-02-01,71.499
2020-02-02,71.499
2020-02-03,71.35
2020-02-04,71.11
2020-02-05,71.1887
2020-02-06,71.219
2020-02-07,71.492
2020-02-08,71.516
2020-02-09,71.516
2020-02-10,71.285
2020-02-11,71.269
2020-02-12,71.3106
2020-02-13,71.2748
2020-02-14,71.501
2020-02-15,71.5269
2020-02-16,71.5269
2020-02-17,71.3505
2020-02-18,71.5395
2020-02-19,71.587
2020-02-20,71.917
2020-02-21,71.8325
2020-02-22,71.8875
2020-02-23,71.8875
2020-02-24,72.098
2020-02-25,71.8226
2020-02-26,71.6
2020-02-27,71.645
2020-02-28,72.505
2020-02-29,72.175
2020-03-01,72.175
2020-03-02,72.73
2020-03-03,72.96
2020-03-04,73.5745
2020-03-05,73.635
2020-03-06,74.225
2020-03-07,74.0053
2020-03-08,74.0053
2020-03-09,74.385
2020-03-10,73.878
2020-03-11,74.085
2020-03-12,74.605
2020-03-13,74.01
2020-03-14,73.959
2020-03-15,73.959
2020-03-16,74.0625
2020-03-17,74.18
2020-03-18,75.09
2020-03-19,74.8
2020-03-20,75.475
2020-03-21,75.6226
2020-03-22,75.6226
2020-03-23,76.4125
2020-03-24,76.075
2020-03-25,75.975
2020-03-26,74.8575
2020-03-27,75.07
2020-03-28,74.876
2020-03-29,75.472
2020-03-30,75.355
2020-03-31,75.445
2020-04-01,76.59
2020-04-02,76.1725
2020-04-03,76.3875
2020-04-05,76.419
2020-04-06,75.9425
2020-04-07,75.5325
2020-04-08,75.885
2020-04-09,75.8875
2020-04-10,76.1475
2020-04-11,76.1765
2020-04-12,76.1765
2020-04-13,76.3425
2020-04-14,75.98
2020-04-15,76.5225
2020-04-16,76.805
2020-04-17,76.585
2020-04-18,76.501
2020-04-19,76.501
2020-04-20,76.61
2020-04-21,77.051
2020-04-22,76.4465
2020-04-23,75.9525
2020-04-24,76.42
2020-04-25,76.302
2020-04-26,76.2815
2020-04-27,76.198
2020-04-28,76.0648
2020-04-29,75.33
2020-04-30,75.2374
2020-05-01,75.865
2020-05-02,75.831
2020-05-03,75.601
2020-05-04,75.6675
2020-05-05,75.674
2020-05-06,76.04805
2020-05-07,75.70755
2020-05-08,75.50305
2020-05-09,75.504
2020-05-10,75.535
2020-05-11,75.9258
2020-05-12,75.1435
2020-05-13,75.3855
2020-05-14,75.541
2020-05-15,75.822
2020-05-18,75.7
2020-05-19,75.6687
2020-05-20,75.605
2020-05-21,75.64005
2020-05-22,75.98
2020-05-25,75.855
2020-05-26,75.552
2020-05-27,75.9145
2020-05-28,75.6484
2020-05-29,75.6197
2020-05-30,75.5232
2020-05-31,75.5232
2020-06-01,75.5655
2020-06-02,75.11405
2020-06-03,75.33
2020-06-04,75.45
2020-06-05,75.60005
2020-06-06,75.5645
2020-06-07,75.5645
2020-06-08,75.44
2020-06-09,75.495
2020-06-10,75.6925
2020-06-11,76.17405
2020-06-12,75.98705
2020-06-13,75.957
2020-06-14,75.957
2020-06-15,75.97825
2020-06-16,76.235
2020-06-17,76.195
2020-06-18,76.37705
2020-06-19,76.2825
2020-06-20,76.25225
2020-06-21,76.25225
2020-06-22,75.71105
2020-06-23,75.593
2020-06-24,75.67655
2020-06-25,75.56505
2020-06-26,75.59305
2020-06-27,75.628
2020-06-28,75.628
2020-06-29,75.50605
2020-06-30,75.53855
2020-07-01,75.5325
2020-07-02,74.7925
2020-07-03,74.6445
2020-07-04,74.67945
2020-07-05,74.67945
2020-07-06,74.6454
2020-07-07,74.84755
2020-07-08,74.90645
2020-07-09,75.1436
2020-07-10,75.1962
2020-07-11,75.1955
2020-07-12,75.1955
2020-07-13,75.16435
2020-07-14,75.25825
2020-07-15,75.13215
2020-07-16,75.15335
2020-07-17,74.93555
2020-07-20,74.78245
2020-07-21,74.50565
2020-07-22,74.60705
2020-07-23,74.8093
2020-07-24,74.7747
2020-07-25,74.7247
2020-07-26,74.7247
2020-07-27,74.7768
2020-07-28,74.8601
2020-07-29,74.9025
2020-07-30,74.8657
2020-07-31,74.9249
2020-08-01,74.9299
2020-08-02,74.9299
2020-08-03,75.2378
2020-08-04,75.05545
2020-08-05,74.8572
2020-08-06,74.94005
2020-08-07,75.0657
2020-08-09,74.97075
2020-08-10,74.90715
2020-08-11,74.59385
2020-08-12,74.8148
2020-08-13,74.83905
2020-08-14,74.83725
2020-08-15,74.8547
2020-08-16,74.8547
2020-08-17,74.7768
2020-08-18,74.61985
2020-08-19,74.8556
2020-08-20,75.04275
2020-08-21,74.9743
2020-08-22,74.9293
2020-08-23,74.9293
2020-08-24,74.1747
2020-08-25,74.24225
2020-08-26,74.24955
2020-08-27,73.88855
2020-08-28,73.211
2020-08-29,73.1285
2020-08-30,73.1285
2020-08-31,73.3754
2020-09-01,73.09665
2020-09-02,73.27315
2020-09-03,73.46565
2020-09-04,73.2412
2020-09-05,73.2462
2020-09-06,73.2462
2020-09-07,73.4683
2020-09-08,73.6505
2020-09-09,73.31955
2020-09-10,73.54825
2020-09-11,73.435
2020-09-12,73.4765
2020-09-13,73.4765
2020-09-14,73.3992
2020-09-15,73.60485
2020-09-16,73.46805
2020-09-17,73.6263
2020-09-18,73.5402
2020-09-19,73.61015
2020-09-20,73.61015
2020-09-21,73.58295
2020-09-22,73.54245
2020-09-23,73.54765
2020-09-24,73.73705
2020-09-25,73.76205
2020-09-26,73.6995
2020-09-27,73.6995
2020-09-28,73.81205
2020-09-29,73.777
2020-09-30,73.5644
2020-10-01,73.221
2020-10-02,73.3019
2020-10-03,73.3226
2020-10-04,73.3226
2020-10-05,73.11255
2020-10-06,73.4738
2020-10-07,73.36245
2020-10-08,73.32295
2020-10-09,72.98515
2020-10-10,72.9612
2020-10-11,72.9612
2020-10-12,73.3726
2020-10-13,73.42415
2020-10-14,73.3264
2020-10-15,73.4539
2020-10-16,73.4365
2020-10-19,73.3588
2020-10-20,73.47575
2020-10-21,73.60075
2020-10-22,73.6672
2020-10-23,73.85335
2020-10-24,73.83415
2020-10-25,73.83415
2020-10-26,73.95605
2020-10-27,73.73795
2020-10-28,74.2153
2020-10-29,74.40185
2020-10-30,74.5919
2020-11-02,74.55165
2020-11-03,74.6384
2020-11-04,74.3488
2020-11-05,73.8758
2020-11-06,73.97375
2020-11-07,73.98115
2020-11-08,73.98115
2020-11-09,74.0209
2020-11-10,74.34735
2020-11-11,74.51445
2020-11-12,74.5997
2020-11-13,74.58535
2020-11-14,74.5379
2020-11-15,74.5379
2020-11-16,74.388
2020-11-17,74.43055
2020-11-18,74.1022
2020-11-19,74.14855
2020-11-20,74.1201
2020-11-21,74.16265
2020-11-22,74.16265
2020-11-23,74.23075
2020-11-24,74.0323
2020-11-25,73.7917
2020-11-26,73.81525
2020-11-27,74.01405
2020-11-28,73.96245
2020-11-29,73.96245
2020-11-30,74.01505
2020-12-01,73.50525
2020-12-02,73.7197
2020-12-03,73.82625
2020-12-04,73.7725
2020-12-05,73.79855
2020-12-06,73.79855
2020-12-07,73.76355
2020-12-08,73.68615
2020-12-09,73.8051
2020-12-10,73.73575
2020-12-11,73.73615
2020-12-12,73.7383
2020-12-13,73.7383
2020-12-14,73.6888
2020-12-15,73.51895
2020-12-16,73.66545
2020-12-17,73.54865
2020-12-18,73.5221
2020-12-19,73.6071
2020-12-20,73.6071
2020-12-21,74.0041
2020-12-22,73.8873
2020-12-23,73.792
2020-12-24,73.5196
2020-12-28,73.4987
2020-12-29,73.35415
2020-12-30,73.1866
2020-12-31,73.0116
2021-01-01,73.09255
2021-01-02,73.09225
2021-01-03,73.09225
2021-01-04,73.0962
2021-01-05,73.16385
2021-01-06,73.16455
2021-01-07,73.42905
2021-01-08,73.32185
2021-01-09,73.3784
2021-01-10,73.3784
2021-01-11,73.50105
2021-01-12,73.26535
2021-01-13,73.07855
2021-01-14,73.0862
2021-01-15,73.16135
2021-01-16,73.1625
2021-01-17,73.1625
2021-01-18,73.1804
2021-01-19,73.19195
2021-01-20,72.93665
2021-01-21,72.95575
2021-01-22,72.99345
2021-01-23,72.9994
2021-01-24,72.9994
2021-01-25,72.9918
2021-01-26,72.9257
2021-01-27,73.03215
2021-01-28,72.93465
2021-01-29,72.87445
2021-01-30,72.90725
2021-02-01,73.16615
2021-02-02,72.97125
2021-02-03,72.82985
2021-02-04,72.92585
2021-02-05,72.84745
2021-02-06,72.7883
2021-02-07,72.7883
2021-02-08,72.90285
2021-02-09,72.86135
2021-02-10,72.79965
2021-02-11,72.7073
2021-02-12,72.5977
2021-02-13,72.59105
2021-02-14,72.59105
2021-02-15,72.62385
2021-02-16,72.84295
2021-02-17,72.82715
2021-02-18,72.6368
2021-02-19,72.5106
2021-02-20,72.55135
2021-02-21,72.5543
2021-02-22,72.4861
2021-02-23,72.42755
2021-02-24,72.38175
2021-02-25,72.7356
2021-02-26,73.96765
2021-02-27,73.5964
2021-02-28,73.5964
2021-03-01,73.3693
2021-03-02,73.2902
2021-03-03,72.8932
2021-03-04,72.73985
2021-03-05,73.29395
2021-03-06,73.1809
2021-03-07,73.1809
2021-03-08,73.33025
2021-03-09,72.90355
2021-03-10,72.7895
2021-03-11,72.69865
2021-03-12,72.6782
2021-03-13,72.68925
2021-03-14,72.6905
2021-03-15,72.5213
2021-03-16,72.5622
2021-03-17,72.5772
2021-03-18,72.66395
2021-03-19,72.4111
2021-03-20,72.44205
2021-03-21,72.44205
2021-03-22,72.3626
2021-03-23,72.5163
2021-03-24,72.5934
2021-03-25,72.64835
2021-03-26,72.56135
2021-03-27,72.4474
2021-03-28,72.4474
2021-03-29,72.7049
2021-03-30,73.44335
2021-03-31,73.15625
2021-04-01,73.29665
2021-04-02,73.3824
2021-04-04,73.37805
2021-04-05,73.23415
2021-04-06,73.4877
2021-04-07,74.33405
2021-04-08,74.58515
2021-04-09,74.73265
2021-04-10,74.725
2021-04-11,74.725
2021-04-12,75.0071
2021-04-13,75.28575
2021-04-14,74.9894
2021-04-15,74.7259
2021-04-16,74.57455
2021-04-17,74.5405
2021-04-18,74.5405
2021-04-19,74.8701
2021-04-20,75.4091
2021-04-21,75.3761
2021-04-22,75.12595
2021-04-23,74.9283
2021-04-24,74.9305
2021-04-25,74.9305
2021-04-26,74.7085
2021-04-27,74.5965
2021-04-28,74.47075
2021-04-29,74.0964
2021-04-30,73.95545
2021-05-01,74.0955
2021-05-02,74.0955
2021-05-03,73.83155
2021-05-04,73.7449
2021-05-05,73.7698
2021-05-06,73.59435
2021-05-07,73.27735
2021-05-08,73.2545
2021-05-09,73.2545
2021-05-10,73.4065
2021-05-11,73.37705
2021-05-12,73.63815
2021-05-13,73.444
2021-05-14,73.25365
2021-05-15,73.2791
2021-05-16,73.2791
2021-05-17,73.34585
2021-05-18,73.0509
2021-05-19,73.1796
2021-05-20,73.04655
2021-05-21,72.91805
2021-05-22,72.9105
2021-05-23,72.9105
2021-05-24,72.90345
2021-05-25,72.79505
2021-05-26,72.72625
2021-05-27,72.62185
2021-05-28,72.4287
2021-05-29,72.3937
2021-05-30,72.3937
2021-05-31,72.51185
2021-06-01,72.8754
2021-06-02,72.97695
2021-06-03,73.06225
2021-06-04,72.87735
2021-06-05,73.14705
2021-06-06,73.14705
2021-06-07,72.80945
2021-06-08,72.9635
2021-06-09,72.9921
2021-06-10,73.041
2021-06-11,73.2789
2021-06-12,73.2318
2021-06-13,73.2318
2021-06-14,73.1844
2021-06-15,73.36245
2021-06-16,73.28755
2021-06-17,74.3372
2021-06-18,74.1436
2021-06-19,74.1441
2021-06-20,74.1441
2021-06-21,74.1881
2021-06-22,74.3355
2021-06-23,74.20145
2021-06-24,74.21315
2021-06-25,74.1722
2021-06-26,74.225
2021-06-27,74.2205
2021-06-28,74.27005
2021-06-29,74.2374
2021-06-30,74.3048
2021-07-01,74.56415
2021-07-02,74.52065
2021-07-03,74.5185
2021-07-04,74.5185
2021-07-05,74.3006
2021-07-06,74.75455
2021-07-07,74.80775
2021-07-08,74.7467
2021-07-09,74.5358
2021-07-10,74.4875
2021-07-11,74.4875
2021-07-12,74.55765
2021-07-13,74.5313
2021-07-14,74.5486
2021-07-15,74.54785
2021-07-16,74.6075
2021-07-17,74.6105
2021-07-18,74.6105
2021-07-19,74.9969
2021-07-20,74.57775
2021-07-21,74.4724
2021-07-22,74.45665
2021-07-23,74.4529
2021-07-24,74.4275
2021-07-25,74.4275
2021-07-26,74.3328
2021-07-27,74.5207
2021-07-28,74.4838
2021-07-29,74.26405
2021-07-30,74.3463
2021-07-31,74.3793
2021-08-01,74.3793
2021-08-02,74.3439
2021-08-03,74.2143
2021-08-04,74.19415
2021-08-05,74.10105
2021-08-06,74.22975
2021-08-07,74.24205
2021-08-08,74.2105
2021-08-09,74.46555
2021-08-10,74.43825
2021-08-11,74.22415
2021-08-12,74.2936
2021-08-13,74.20585
2021-08-14,74.217
2021-08-15,74.217
2021-08-16,74.178
2021-08-17,74.3996
2021-08-18,74.2947
2021-08-19,74.3297
2021-08-20,74.2937
2021-08-21,74.3525
2021-08-22,74.3525
2021-08-23,74.13105
2021-08-24,74.1584
2021-08-25,74.21155
2021-08-26,74.1383
2021-08-27,73.47085
2021-08-28,73.4968
2021-08-29,73.4968
2021-08-30,73.2171
2021-08-31,72.97925
2021-09-01,72.97995
2021-09-02,73.01335
2021-09-03,73.00815
2021-09-04,72.99465
2021-09-05,72.99465
2021-09-06,73.1199
2021-09-07,73.43075
2021-09-08,73.8141
2021-09-09,73.53845
2021-09-10,73.5141
2021-09-11,73.5261
2021-09-12,73.5261
2021-09-13,73.61895
2021-09-14,73.6406
2021-09-15,73.5138
2021-09-16,73.57125
2021-09-17,73.6436
2021-09-18,73.695
2021-09-19,73.695
2021-09-20,73.67865
2021-09-21,73.73235
2021-09-22,73.82575
2021-09-23,73.81525
2021-09-24,73.75565
2021-09-25,74.04655
2021-09-26,74.04655
2021-09-27,73.82945
2021-09-28,74.19405
2021-09-29,74.3577
2021-09-30,74.23855
2021-10-01,74.16875
2021-10-02,74.145
2021-10-03,74.145
2021-10-04,74.52975
2021-10-05,74.53055
2021-10-06,74.84825
2021-10-07,74.85025
2021-10-08,75.1872
2021-10-09,75.1315
2021-10-10,75.1315
2021-10-11,75.4028
2021-10-12,75.4278
2021-10-13,75.29735
2021-10-14,75.03165
2021-10-15,74.99645
2021-10-16,75.035
2021-10-17,75.035
2021-10-18,75.2783
2021-10-19,75.0708
2021-10-20,74.80965
2021-10-21,74.82955
2021-10-22,75.00015
2021-10-23,74.99925
2021-10-24,74.9995
2021-10-25,75.025
2021-10-26,74.96225
2021-10-27,74.9478
2021-10-28,74.80185
2021-10-29,74.96395
2021-10-30,74.92855
2021-10-31,74.92855
2021-11-01,74.84965
2021-11-02,74.6226
2021-11-03,74.56785
2021-11-04,74.56845
2021-11-05,74.2018
2021-11-06,74.19135
2021-11-07,74.19135
2021-11-08,73.94005
2021-11-09,74.11925
2021-11-10,74.26225
2021-11-11,74.32105
2021-11-12,74.40675
2021-11-13,74.345
2021-11-14,74.345
2021-11-15,74.3689
2021-11-16,74.47075
2021-11-17,74.3616
2021-11-18,74.242
2021-11-19,74.2936
2021-11-20,74.31085
2021-11-21,74.31085
2021-11-22,74.40705
2021-11-23,74.4809
2021-11-24,74.5341
2021-11-25,74.5052
2021-11-26,75.10065
2021-11-27,75.053
2021-11-28,75.053
2021-11-29,75.12715
2021-11-30,75.1104
2021-12-01,74.8795
2021-12-02,74.90215
2021-12-03,75.25015
2021-12-04,75.2415
2021-12-05,75.2415
2021-12-06,75.38535
2021-12-07,75.4646
2021-12-08,75.42725
2021-12-09,75.58875
2021-12-10,75.6642
2021-12-11,75.7175
2021-12-12,75.7175
2021-12-13,75.8
2021-12-14,76.061
2021-12-15,76.4688
2021-12-16,76.21425
2021-12-17,76.30145
2021-12-18,76.0135
2021-12-19,76.0135
2021-12-20,75.81475
2021-12-21,75.68705
2021-12-22,75.4803
2021-12-23,75.04
2021-12-24,75.0749
2021-12-25,75.395
2021-12-26,75.395
2021-12-27,74.9206
2021-12-28,74.678
2021-12-29,74.56005
2021-12-30,74.4249
2021-12-31,74.523
2022-01-01,74.51405
2022-01-02,74.51405
2022-01-03,74.44405
2022-01-04,74.53045
2022-01-05,74.30575
2022-01-06,74.3845
2022-01-07,74.24095
2022-01-08,74.2775
2022-01-09,74.2775
2022-01-10,74.06345
2022-01-11,73.80165
2022-01-12,73.7959
2022-01-13,73.95855
2022-01-14,74.1074
2022-01-15,74.3865
2022-01-16,74.3865
2022-01-17,74.2847
2022-01-18,74.5677
2022-01-19,74.383
2022-01-20,74.3299
2022-01-21,74.33965
2022-01-22,74.42045
2022-01-23,74.42045
2022-01-24,74.72895
2022-01-25,74.7582
2022-01-26,74.90115
2022-01-27,75.2149
2022-01-28,74.9839
2022-01-29,75.00155
2022-01-30,75.0465
2022-01-31,74.5907
2022-02-01,74.80485
2022-02-02,74.79755
2022-02-03,74.705
2022-02-04,74.62145
2022-02-05,74.64245
2022-02-06,74.64245
2022-02-07,74.6769
2022-02-08,74.7133
2022-02-09,74.8197
2022-02-10,75.1217
2022-02-11,75.36715
2022-02-12,75.3485
2022-02-13,75.3485
2022-02-14,75.65275
2022-02-15,75.2329
2022-02-16,75.0602
2022-02-17,75.0476
2022-02-18,74.6636
2022-02-19,74.6844
2022-02-20,74.6844
2022-02-21,74.491
2022-02-22,74.6681
2022-02-23,74.6113
2022-02-24,75.66395
2022-02-25,75.09985
2022-02-26,75.0554
2022-02-27,75.0755
2022-02-28,75.4553
2022-03-01,75.8946
2022-03-02,75.5301
2022-03-03,75.9624
2022-03-04,76.466
2022-03-05,76.4255
2022-03-06,76.4255
2022-03-07,76.9474
2022-03-08,77.0597
2022-03-09,76.3283
2022-03-10,76.4276
2022-03-11,76.6441
2022-03-12,76.7592
2022-03-13,76.7592
2022-03-14,76.4743
2022-03-15,76.4648
2022-03-16,76.1822
2022-03-17,75.968
2022-03-18,76.06165
2022-03-19,75.94665
2022-03-20,75.94665
2022-03-21,76.21815
2022-03-22,76.1334
2022-03-23,76.4776
2022-03-24,76.2806
2022-03-25,76.26395
2022-03-26,76.2855
2022-03-27,76.2855
2022-03-28,76.142
2022-03-29,75.63
2022-03-30,75.7865
2022-03-31,75.90985
2022-04-01,76.0091
2022-04-03,75.9955
2022-04-04,75.4497
2022-04-05,75.4031
2022-04-06,75.9296
2022-04-07,75.927
2022-04-08,76.2245
2022-04-09,75.9175
2022-04-10,75.9175
2022-04-11,75.9115
2022-04-12,76.0995
2022-04-13,76.033
2022-04-14,76.292
2022-04-15,76.32925
2022-04-16,76.3316
2022-04-17,76.3316
2022-04-18,76.2567
2022-04-19,76.37565
2022-04-20,76.2866
2022-04-21,76.2949
2022-04-22,76.521
2022-04-23,76.4755
2022-04-24,76.4755
2022-04-25,76.5408
2022-04-26,76.6719
2022-04-27,76.4859
2022-04-28,76.6482
2022-04-29,76.51845
2022-04-30,76.5233
2022-05-01,76.5233
2022-05-02,76.5192
2022-05-03,76.5569
2022-05-04,76.2693
2022-05-05,76.52375
2022-05-06,76.9526
2022-05-07,76.955
2022-05-08,76.955
2022-05-09,77.4085
2022-05-10,77.2912
2022-05-11,77.3052
2022-05-12,77.366
2022-05-13,77.44115
2022-05-14,77.4865
2022-05-15,77.4865
2022-05-16,77.8475
2022-05-17,77.4985
2022-05-18,77.722
2022-05-19,77.4095
2022-05-20,77.85275
2022-05-21,77.8186
2022-05-22,77.8186
2022-05-23,77.5175
2022-05-24,77.5319
2022-05-25,77.5459
2022-05-26,77.6748
2022-05-27,77.63305
2022-05-28,77.6922
2022-05-29,77.6922
2022-05-30,77.54
2022-05-31,77.62835
2022-06-01,77.5731
2022-06-02,77.41545
2022-06-03,77.68105
2022-06-04,77.6145
2022-06-05,77.6145
2022-06-06,77.78015
2022-06-07,77.6455
2022-06-08,77.6425
2022-06-09,77.8214
2022-06-10,78.0829
2022-06-11,78.1435
2022-06-12,78.1435
2022-06-13,78.0884
2022-06-14,78.0153
2022-06-15,78.1174
2022-06-16,77.91195
2022-06-17,78.0179
2022-06-18,77.9515
2022-06-19,77.9515
2022-06-20,77.92785
2022-06-21,78.134
2022-06-22,78.233
2022-06-23,78.1605
2022-06-24,78.25675
2022-06-25,78.2525
2022-06-26,78.2525
2022-06-27,78.44765
2022-06-28,79.00335
2022-06-29,78.9234
2022-06-30,78.96205
2022-07-01,78.9189
2022-07-02,78.9509
2022-07-03,78.9509
2022-07-04,78.95835
2022-07-05,79.20465
2022-07-06,79.04705
2022-07-07,79.12775
2022-07-08,79.2696
2022-07-09,79.2905
2022-07-10,79.2905
2022-07-11,79.4922
2022-07-12,79.4438
2022-07-13,79.65105
2022-07-14,79.93095
2022-07-15,79.77575
2022-07-16,79.7207
2022-07-17,79.7855
2022-07-18,80.00725
2022-07-19,79.8787
2022-07-20,79.98205
2022-07-21,79.86595
2022-07-22,79.83655
2022-07-23,79.8455
2022-07-24,79.8455
2022-07-25,79.7887
2022-07-26,79.84515
2022-07-27,79.95055
2022-07-28,79.6563
2022-07-29,79.407
2022-07-30,79.195
2022-07-31,79.195
2022-08-01,78.9565
2022-08-02,78.48815
2022-08-03,79.0804
2022-08-04,79.3538
2022-08-05,79.38695
2022-08-06,79.3655
2022-08-07,79.3655
2022-08-08,79.5824
2022-08-09,79.57955
2022-08-10,79.06515
2022-08-11,79.5626
2022-08-12,79.6205
2022-08-13,79.63
2022-08-14,79.63
2022-08-15,79.51155
2022-08-16,79.2996
2022-08-17,79.3819
2022-08-18,79.7632
2022-08-19,79.9322
2022-08-20,79.9255
2022-08-21,79.9255
2022-08-22,79.8389
2022-08-23,79.8454
2022-08-24,79.88185
2022-08-25,79.8894
2022-08-26,79.9388
2022-08-27,79.9715
2022-08-28,79.9715
2022-08-29,79.9416
2022-08-30,79.66075
2022-08-31,79.4863
2022-09-01,79.6876
2022-09-02,79.6912
2022-09-03,79.7123
2022-09-04,79.7123
2022-09-05,79.78325
2022-09-06,79.8454
2022-09-07,79.7468
2022-09-08,79.7289
2022-09-09,79.62435
2022-09-10,79.6555
2022-09-11,79.65605
2022-09-12,79.32885
2022-09-13,79.5313
2022-09-14,79.4829
2022-09-15,79.8101
2022-09-16,79.6957
2022-09-17,79.6505
2022-09-18,79.6505
2022-09-19,79.70325
2022-09-20,79.7392
2022-09-21,79.9878
2022-09-22,80.9621
2022-09-23,81.1224
2022-09-24,81.2555
2022-09-25,81.2555
2022-09-26,81.6219
2022-09-27,81.7529
2022-09-28,81.46015
2022-09-29,81.5503
2022-09-30,81.394
2022-10-01,81.6384
2022-10-02,81.6384
2022-10-03,81.5662
2022-10-04,81.4506
2022-10-05,81.65825
2022-10-06,82.1754
2022-10-07,82.607
2022-10-08,82.8325
2022-10-09,82.8325
2022-10-10,82.39905
2022-10-11,82.19595
2022-10-12,82.2638
2022-10-13,82.24405
2022-10-14,82.31345
2022-10-15,82.4183
2022-10-16,82.4183
2022-10-17,82.1305
2022-10-18,82.308
2022-10-19,82.98135
2022-10-20,82.7285
2022-10-21,82.631
2022-10-22,82.5415
2022-10-23,82.5415
2022-10-24,82.801
2022-10-25,82.47305
2022-10-26,82.087
2022-10-27,82.3615
2022-10-28,82.3401
2022-10-29,82.2877
2022-10-30,82.2877
2022-10-31,82.8095
2022-11-01,82.601
2022-11-02,82.75
2022-11-03,82.76105
2022-11-04,82.03745
2022-11-05,81.9825
2022-11-06,81.9825
2022-11-07,81.8814
2022-11-08,81.19315
2022-11-09,81.27795
2022-11-10,80.783
2022-11-11,80.53685
2022-11-12,80.5045
2022-11-13,80.5045
2022-11-14,81.0173
2022-11-15,80.9427
2022-11-16,81.4385
2022-11-17,81.72455
2022-11-18,81.63905
2022-11-19,81.52015
2022-11-20,81.52015
2022-11-21,81.7116
2022-11-22,81.70275
2022-11-23,81.70385
2022-11-24,81.644
2022-11-25,81.74265
2022-11-26,81.66995
2022-11-27,81.66995
2022-11-28,81.64515
2022-11-29,81.6279
2022-11-30,81.3993
2022-12-01,81.20595
2022-12-02,81.407
2022-12-03,81.4375
2022-12-04,81.42155
2022-12-05,81.8688
2022-12-06,82.473
2022-12-07,82.33655
2022-12-08,82.2998
2022-12-09,82.4069
2022-12-11,82.4205
2022-12-12,82.68615
2022-12-13,82.49765
2022-12-14,82.5565
2022-12-15,82.9438
2022-12-16,82.7328
2022-12-17,82.7335
2022-12-18,82.7335
2022-12-19,82.67145
2022-12-20,82.61295
2022-12-21,82.8942
2022-12-22,82.9379
2022-12-23,82.85495
2022-12-24,82.60435
2022-12-25,82.60435
2022-12-26,82.69125
2022-12-27,82.8106
2022-12-28,82.7524
2022-12-29,82.8319
2022-12-30,82.8335
2022-12-31,82.75005
2023-01-01,82.75005
2023-01-02,82.7112
2023-01-03,82.8717
2023-01-04,82.7035
2023-01-05,82.60705
2023-01-06,82.2932
2023-01-07,82.27365
2023-01-08,82.27365
2023-01-09,82.0952
2023-01-10,81.65305
2023-01-11,81.6417
2023-01-12,81.2339
2023-01-13,81.3322
2023-01-14,81.2855
2023-01-15,81.2855
2023-01-16,81.65725
2023-01-17,81.5972
2023-01-18,81.4406
2023-01-19,81.30025
2023-01-20,80.9752
2023-01-21,80.97625
2023-01-22,80.97625
2023-01-23,81.4496
2023-01-24,81.57425
2023-01-25,81.4817
2023-01-26,81.49945
2023-01-27,81.5285
2023-01-28,81.5155
2023-01-29,81.5155
2023-01-30,81.5317
2023-01-31,81.72875
2023-02-01,81.8637
2023-02-02,82.06365
2023-02-03,82.2977
2023-02-04,82.2335
2023-02-05,82.2335
2023-02-06,82.8217
2023-02-07,82.8547
2023-02-08,82.67525
2023-02-09,82.47265
2023-02-10,82.49975
2023-02-11,82.5205
2023-02-12,82.5205
2023-02-13,82.6222
2023-02-14,82.969
2023-02-15,82.81295
2023-02-16,82.7107
2023-02-17,82.75315
2023-02-18,82.7655
2023-02-19,82.7655
2023-02-20,82.6882
2023-02-21,82.8661
2023-02-22,82.8436
2023-02-23,82.6689
2023-02-24,82.99095
2023-02-25,82.9255
2023-02-26,82.9255
2023-02-27,82.6991
2023-02-28,82.6025
2023-03-01,82.4295
2023-03-02,82.39555
2023-03-03,81.7141
2023-03-04,81.71275
2023-03-05,81.71275
2023-03-06,81.7739
2023-03-07,81.93365
2023-03-08,81.9514
2023-03-09,82.0385
2023-03-10,81.97135
2023-03-11,81.9655
2023-03-12,81.9655
2023-03-13,82.2704
2023-03-14,82.3062
2023-03-15,82.88845
2023-03-16,82.5941
2023-03-17,82.57095
2023-03-18,82.5405
2023-03-19,82.5405
2023-03-20,82.57235
2023-03-21,82.68645
2023-03-22,82.6109
2023-03-23,82.10665
2023-03-24,82.37205
2023-03-25,82.34745
2023-03-26,82.34745
2023-03-27,82.2279
2023-03-28,82.1634
2023-03-29,82.2577
2023-03-30,82.13735
2023-03-31,82.1555
2023-04-02,82.18075
2023-04-03,82.2585
2023-04-04,82.14265
2023-04-05,81.96535
2023-04-06,81.8454
2023-04-07,81.8606
2023-04-08,81.8405
2023-04-09,81.8405
2023-04-10,81.99545
2023-04-11,82.06185
2023-04-12,81.98885
2023-04-13,81.68685
2023-04-14,81.89455
2023-04-15,81.8455
2023-04-16,81.8455
2023-04-17,82.0235
2023-04-18,82.10625
2023-04-19,82.1808
2023-04-20,82.10035
2023-04-21,82.06995
2023-04-22,82.04085
2023-04-23,82.04085
2023-04-24,81.942
2023-04-25,82.0341
2023-04-26,81.767
2023-04-27,81.76205
2023-04-28,81.73345
2023-04-29,81.7455
2023-04-30,81.7455
2023-05-01,81.7667
2023-05-02,81.719
2023-05-03,81.7486
2023-05-04,81.7125
2023-05-05,81.6899
2023-05-06,81.72975
2023-05-07,81.72975
2023-05-08,81.7835
2023-05-09,82.0668
2023-05-10,81.93985
2023-05-11,82.1507
2023-05-12,82.2093
2023-05-13,82.2563
2023-05-14,82.2005
2023-05-15,82.2278
2023-05-16,82.2891
2023-05-17,82.3917
2023-05-18,82.769
2023-05-19,82.8349
2023-05-20,82.9055
2023-05-21,82.9055
2023-05-22,82.85765
2023-05-23,82.8849
2023-05-24,82.6733
2023-05-25,82.75565
2023-05-26,82.5872
2023-05-27,82.5648
2023-05-28,82.5755
2023-05-29,82.60905
2023-05-30,82.6981
2023-05-31,82.7262
2023-06-01,82.32675
2023-06-02,82.40825
2023-06-03,82.4035
2023-06-04,82.4035
2023-06-05,82.5355
2023-06-06,82.52525
2023-06-07,82.642
2023-06-08,82.49245
2023-06-09,82.4448
2023-06-10,82.4455
2023-06-11,82.4455
2023-06-12,82.4431
2023-06-13,82.2789
2023-06-14,81.94555
2023-06-15,81.9305
2023-06-16,81.926
2023-06-17,81.91155
2023-06-18,81.9155
2023-06-19,81.92465
2023-06-20,82.0065
2023-06-21,81.9551
2023-06-22,81.9524
2023-06-23,81.9915
2023-06-24,81.9578
2023-06-25,81.9855
2023-06-26,82.01255
2023-06-27,81.9702
2023-06-28,82.04135
2023-06-29,82.0983
2023-06-30,82.0605
2023-07-01,82.09625
2023-07-02,82.0965
2023-07-03,81.9501
2023-07-04,82.0
2023-07-05,82.34455
2023-07-06,82.76035
2023-07-07,82.61255
2023-07-08,82.61255
2023-07-09,82.61255
2023-07-10,82.61255
2023-07-11,82.3538
2023-07-12,82.2805
2023-07-13,82.092
2023-07-14,82.11325
2023-07-15,82.10145
2023-07-16,82.0775
2023-07-17,82.1314
2023-07-18,82.0792
2023-07-19,82.0786
2023-07-20,82.07055
2023-07-21,82.00755
2023-07-22,81.9905
2023-07-23,81.9905
2023-07-24,81.80075
2023-07-25,81.88225
2023-07-26,82.02315
2023-07-27,82.18485
2023-07-28,82.2171
2023-07-29,82.25975
2023-07-30,82.25975
2023-07-31,82.2378
2023-08-01,82.33925
2023-08-02,82.7485
2023-08-03,82.7792
2023-08-04,82.67515
2023-08-05,82.68375
2023-08-06,82.68375
2023-08-07,82.77655
2023-08-08,82.8893
2023-08-09,82.85915
2023-08-10,82.68335
2023-08-11,82.91585
2023-08-12,82.95665
2023-08-13,82.95665
2023-08-14,83.15195
2023-08-15,83.27955
2023-08-16,83.20495
2023-08-17,83.12245
2023-08-18,83.1795
2023-08-19,83.157
2023-08-20,83.157
2023-08-21,83.10215
2023-08-22,83.04185
2023-08-23,82.52745
2023-08-24,82.58705
2023-08-25,82.61955
2023-08-26,82.54825
2023-08-27,82.54825
2023-08-28,82.64985
2023-08-29,82.60995
2023-08-30,82.62165
2023-08-31,82.68695
2023-09-01,82.69605
2023-09-02,82.72395
2023-09-03,82.72395
2023-09-04,82.72835
2023-09-05,83.04465
2023-09-06,83.206
2023-09-07,83.16
2023-09-08,83.01605
2023-09-09,83.125
2023-09-10,83.125
2023-09-11,82.9069
2023-09-12,82.8698
2023-09-13,82.94045
2023-09-14,83.05425
2023-09-15,83.1374
2023-09-16,83.09035
2023-09-17,83.09035
2023-09-18,83.2461
2023-09-19,83.28415
2023-09-20,82.9309
2023-09-21,83.13645
2023-09-22,82.9445
2023-09-23,83.105
2023-09-24,83.105
2023-09-25,83.13925
2023-09-26,83.2892
2023-09-27,83.23905
2023-09-28,83.16445
2023-09-29,83.09945
2023-09-30,83.17755
2023-10-01,83.035
2023-10-02,83.22255
2023-10-03,83.22815
2023-10-04,83.2101
2023-10-05,83.2327
2023-10-06,83.13085
2023-10-07,83.12
2023-10-08,83.12
2023-10-09,83.31455
2023-10-10,83.2036
2023-10-11,83.14845
2023-10-12,83.2829
2023-10-13,83.27845
2023-10-14,83.27955
2023-10-15,83.27955
2023-10-16,83.2055
2023-10-17,83.23475
2023-10-18,83.295
2023-10-19,83.09145
2023-10-20,83.16565
2023-10-21,83.23965
2023-10-22,83.23965
2023-10-23,83.08845
2023-10-24,83.0276
2023-10-25,83.13995
2023-10-26,83.28175
2023-10-27,83.3035
2023-10-28,83.41365
2023-10-29,83.41365
2023-10-30,83.2644
2023-10-31,83.27645
2023-11-01,83.26915
2023-11-02,83.2652
2023-11-03,83.1553
2023-11-04,83.15875
2023-11-05,83.15875
2023-11-06,83.2177
2023-11-07,83.22945
2023-11-08,83.23815
2023-11-09,83.2889
2023-11-10,83.29545
2023-11-11,83.29915
2023-11-12,83.29915
2023-11-13,83.22655
2023-11-14,82.94565
2023-11-15,83.13205
2023-11-16,83.23795
2023-11-17,83.2654
2023-11-18,83.29175
2023-11-19,83.29175
2023-11-20,83.35895
2023-11-21,83.2833
2023-11-22,83.3008
2023-11-23,83.3165
2023-11-24,83.36235
2023-11-25,83.31475
2023-11-26,83.31475
2023-11-27,83.3639
2023-11-28,83.34965
2023-11-29,83.335
2023-11-30,83.38685
2023-12-01,83.26615
2023-12-02,83.21885
2023-12-03,83.21885
2023-12-04,83.42015
2023-12-05,83.3645
2023-12-06,83.3362
2023-12-07,83.3492
2023-12-08,83.45195
2023-12-09,83.43035
2023-12-10,83.43035
2023-12-11,83.3765
2023-12-12,83.3952
2023-12-13,83.35035
2023-12-14,83.29505
2023-12-15,83.02915
2023-12-16,83.04195
2023-12-17,83.04195
2023-12-18,83.13955
2023-12-19,83.0743
2023-12-20,83.1772
2023-12-21,83.2213
2023-12-22,83.16795
2023-12-23,83.1725
2023-12-24,83.1725
2023-12-25,83.1725
2023-12-26,83.15895
2023-12-27,83.27465
2023-12-28,83.1712
2023-12-29,83.2152
2023-12-30,83.24885
2023-12-31,83.24885
2024-01-01,83.22605
2024-01-02,83.27505
2024-01-03,83.2971
2024-01-04,83.23865
2024-01-05,83.13135
2024-01-06,83.19135
2024-01-07,83.19135
2024-01-08,83.0365
2024-01-09,83.1074
2024-01-10,83.02635
2024-01-11,83.0927
2024-01-12,82.8298
2024-01-13,82.87235
2024-01-14,82.87235
2024-01-15,82.8214
2024-01-16,83.0875
2024-01-17,83.17875
2024-01-18,83.16105
2024-01-19,83.10775
2024-01-20,83.12495
2024-01-21,83.12495
2024-01-22,83.1077
2024-01-23,83.15375
2024-01-24,83.12735
2024-01-25,83.10705
2024-01-26,83.10675
2024-01-27,83.12155
2024-01-28,83.12155
2024-01-29,83.1508
2024-01-30,83.1122
2024-01-31,83.01995
2024-02-01,82.96095
2024-02-02,83.0212
2024-02-03,82.99955
2024-02-04,82.99955
2024-02-05,83.06975
2024-02-06,83.06305
2024-02-07,82.9787
2024-02-08,82.995
2024-02-09,83.0188
2024-02-10,83.01475
2024-02-11,83.01475
2024-02-12,82.9518
2024-02-13,83.09385
2024-02-14,83.03895
2024-02-15,83.01885
2024-02-16,83.02275
2024-02-17,83.01625
2024-02-18,83.01625
2024-02-19,83.04975
2024-02-20,82.89475
2024-02-21,82.9236
2024-02-22,82.89455
2024-02-23,82.88465
2024-02-24,82.88205
2024-02-25,82.88205
2024-02-26,82.87585
2024-02-27,82.90735
2024-02-28,82.896
2024-02-29,82.89375
2024-03-01,82.8586
2024-03-02,82.84635
2024-03-03,82.84635
2024-03-04,82.90445
2024-03-05,82.8955
2024-03-06,82.8212
2024-03-07,82.7028
2024-03-08,82.7764
2024-03-09,82.75235
2024-03-10,82.75235
2024-03-11,82.7473
2024-03-12,82.8012
2024-03-13,82.84775
2024-03-14,82.948
2024-03-15,82.8977
2024-03-16,82.88915
2024-03-17,82.88915
2024-03-18,82.925
2024-03-19,83.0332
2024-03-20,83.2092
2024-03-21,83.20055
2024-03-22,83.5369
2024-03-23,83.59385
2024-03-24,83.59385
2024-03-25,83.42735
2024-03-26,83.3243
2024-03-27,83.33245
2024-03-28,83.371
2024-03-29,83.3204
2024-03-30,83.38335
2024-03-31,83.38335
2024-04-01,83.4009
2024-04-02,83.3525
2024-04-03,83.49955
2024-04-04,83.36555
2024-04-05,83.3261
2024-04-06,83.29705
2024-04-07,83.29705
2024-04-08,83.26935
2024-04-09,83.1959
2024-04-10,83.36185
2024-04-11,83.33935
2024-04-12,83.5985
2024-04-13,83.61135
2024-04-14,83.61135
2024-04-15,83.50705
2024-04-16,83.66695
2024-04-17,83.62255
2024-04-18,83.5968
2024-04-19,83.39585
2024-04-20,83.37045
2024-04-21,83.37045
2024-04-22,83.385
2024-04-23,83.2621
2024-04-24,83.3507
2024-04-26,83.399
2024-04-27,83.40295
2024-04-28,83.40295
2024-04-29,83.4258
2024-04-30,83.4749
2024-05-01,83.4689
2024-05-02,83.3879
2024-05-03,83.4046
2024-05-04,83.38065
2024-05-05,83.38065
2024-05-06,83.465
2024-05-07,83.4644
2024-05-08,83.46355
2024-05-09,83.4639
2024-05-10,83.5396
2024-05-11,83.54685
2024-05-12,83.54685
2024-05-13,83.5038
2024-05-14,83.50865
2024-05-15,83.4253
2024-05-16,83.4787
2024-05-17,83.29655
2024-05-18,83.29885
2024-05-19,83.29885
2024-05-20,83.29635
2024-05-21,83.29655
2024-05-22,83.24255
2024-05-23,83.29745
2024-05-24,83.06765
2024-05-25,83.05875
2024-05-26,83.05875
2024-05-27,83.1224
2024-05-28,83.2001
2024-05-29,83.37385
2024-05-30,83.3083
2024-05-31,83.44805
2024-06-01,83.46085
2024-06-02,83.46085
2024-06-03,83.11905
2024-06-04,83.59805
2024-06-05,83.39525
2024-06-06,83.4914
2024-06-07,83.50225
2024-06-08,83.52695
2024-06-09,83.52695
2024-06-10,83.52985
2024-06-11,83.61945
2024-06-12,83.44645
2024-06-13,83.5492
2024-06-14,83.54795
2024-06-15,83.55025
2024-06-16,83.55025
2024-06-17,83.52485
2024-06-18,83.35015
2024-06-19,83.4301
2024-06-20,83.65555
2024-06-21,83.5804
2024-06-22,83.56295
2024-06-23,83.56295
2024-06-24,83.46415
2024-06-25,83.42445
2024-06-26,83.57035
2024-06-27,83.44605
2024-06-28,83.3723
2024-06-29,83.36435
2024-06-30,83.36435
2024-07-01,83.46255
2024-07-02,83.4838
2024-07-03,83.4942
2024-07-04,83.51585
2024-07-05,83.4878
2024-07-06,83.47705
2024-07-07,83.47705
2024-07-08,83.46725
2024-07-09,83.50255
2024-07-10,83.5049
2024-07-11,83.49635
2024-07-12,83.5205
2024-07-13,83.51935
2024-07-14,83.51935
2024-07-15,83.57005
2024-07-16,83.5487
2024-07-17,83.5971
2024-07-18,83.63415
2024-07-19,83.72155
2024-07-20,83.72985
2024-07-21,83.72985
2024-07-22,83.66085
2024-07-23,83.70095
2024-07-24,83.7306
2024-07-25,83.7705
2024-07-26,83.7379
2024-07-27,83.7225
2024-07-28,83.7225
2024-07-29,83.76465
2024-07-30,83.7188
2024-07-31,83.6842
2024-08-01,83.77055
2024-08-02,83.7908
2024-08-03,83.76735
2024-08-04,83.76735
2024-08-05,84.02155
2024-08-06,83.93805
2024-08-07,83.94885
2024-08-08,83.99525
2024-08-09,83.9509
2024-08-10,83.95105
2024-08-11,83.95105
2024-08-12,83.949
2024-08-13,83.92435
2024-08-14,83.9405
2024-08-15,83.96285
2024-08-16,83.89265
2024-08-17,83.87575
2024-08-18,83.87575
2024-08-19,83.85225
2024-08-20,83.7651
2024-08-21,83.89665
2024-08-22,83.94535
2024-08-23,83.842
2024-08-24,83.81395
2024-08-25,83.81395
2024-08-26,83.85395
2024-08-27,83.9366
2024-08-28,83.9268
2024-08-29,83.88995
2024-08-30,83.89095
2024-08-31,83.89005
2024-09-01,83.89005
2024-09-02,83.90495
2024-09-03,83.96215
2024-09-04,83.9907
2024-09-05,83.98605
2024-09-06,84.0074
2024-09-07,83.98785
2024-09-08,83.98785
2024-09-09,83.95715
2024-09-10,83.96635
2024-09-11,83.9795
2024-09-12,83.93865
2024-09-13,83.8868
2024-09-14,83.88325
2024-09-15,83.88325
2024-09-16,83.8532
2024-09-17,83.7823
2024-09-18,83.6721
2024-09-19,83.621
2024-09-20,83.47395
2024-09-21,83.48045
2024-09-22,83.48045
2024-09-23,83.54455
2024-09-24,83.6176
2024-09-25,83.63155
2024-09-26,83.63895
2024-09-27,83.71825
2024-09-28,83.71855
2024-09-29,83.71855
2024-09-30,83.75965
2024-10-01,83.93605
2024-10-02,83.94525
2024-10-03,83.982
2024-10-04,84.0507
2024-10-05,84.03035
2024-10-06,84.03035
2024-10-07,83.99855
2024-10-08,83.96945
2024-10-09,83.96145
2024-10-10,83.96145
2024-10-11,84.1143
2024-10-12,84.13735
2024-10-13,84.13735
2024-10-14,84.06885
2024-10-15,84.05485
2024-10-16,84.05205
2024-10-17,84.0756
2024-10-18,84.06555
2024-10-19,84.06945
2024-10-20,84.06945
2024-10-21,84.08495
2024-10-22,84.08575
2024-10-23,84.0778
2024-10-24,84.0845
2024-10-25,84.1161
2024-10-26,84.10225
2024-10-27,84.10225
2024-10-28,84.0739
2024-10-29,84.0756
2024-10-30,84.0977
2024-10-31,84.0845
2024-11-01,84.0693
2024-11-02,84.13385
2024-11-03,84.13385
2024-11-04,84.1437
2024-11-05,84.1223
2024-11-06,84.32605
2024-11-07,84.3101
2024-11-08,84.36675
2024-11-09,84.38315
2024-11-10,84.38315
2024-11-11,84.41385
2024-11-12,84.38995
2024-11-13,84.41895
2024-11-14,84.4625
2024-11-15,84.4445
2024-11-16,84.47775
2024-11-17,84.47775
2024-11-18,84.4054
2024-11-19,84.39255
2024-11-20,84.35825
2024-11-21,84.5198
2024-11-22,84.46235
2024-11-23,84.43625
2024-11-24,84.43625
2024-11-25,84.27735
2024-11-26,84.2942
2024-11-27,84.419
2024-11-28,84.4667
2024-11-29,84.5737
2024-11-30,84.5645
2024-12-01,84.5645
2024-12-02,84.74005
2024-12-03,84.71585
2024-12-04,84.7318
2024-12-05,84.7277
2024-12-06,84.6903
2024-12-07,84.6735
2024-12-08,84.6735
2024-12-09,84.86125
2024-12-10,84.86735
2024-12-11,84.78495
2024-12-12,84.85275
2024-12-13,84.8211
2024-12-14,84.8095
2024-12-15,84.8095
2024-12-16,84.9055
2024-12-17,84.9066
2024-12-18,84.8932
2024-12-19,85.14435
2024-12-20,84.9568
2024-12-21,84.9525
2024-12-22,84.9525
2024-12-23,85.10185
2024-12-24,85.16015
2024-12-25,85.39805
2024-12-26,85.2895
2024-12-27,85.4479
2024-12-28,85.3935
2024-12-29,85.3935
2024-12-30,85.48535
2024-12-31,85.58035
2025-01-01,85.78685
2025-01-02,85.8145
2025-01-03,85.78185
2025-01-04,85.7665
2025-01-05,85.7665
2025-01-06,85.71375
2025-01-07,85.7713
2025-01-08,85.8963
2025-01-09,85.89635
2025-01-10,86.1608
2025-01-11,86.1955
2025-01-12,86.1955
2025-01-13,86.6899
2025-01-14,86.5643
2025-01-15,86.41535
2025-01-16,86.5929
2025-01-17,86.58425
2025-01-18,86.5765
2025-01-19,86.5765
2025-01-20,86.22575
2025-01-21,86.48725
2025-01-22,86.45145
2025-01-23,86.42765
2025-01-24,86.19455
2025-01-25,86.2105
2025-01-26,86.2105
2025-01-27,86.39165
2025-01-28,86.55095
2025-01-29,86.64405
2025-01-30,86.57395
2025-01-31,86.5572
2025-02-01,86.69735
2025-02-02,86.69135
2025-02-03,86.99265
2025-02-04,87.0656
2025-02-05,87.3379
2025-02-06,87.6148
2025-02-07,87.8106
2025-02-08,87.78925
2025-02-09,87.78925
2025-02-10,87.45745
2025-02-11,86.7746
2025-02-12,86.8831
2025-02-13,86.7246
2025-02-14,86.6463
2025-02-15,86.66835
2025-02-16,86.66835
2025-02-17,86.84115
2025-02-18,86.8806
2025-02-19,86.92605
2025-02-20,86.5524
2025-02-21,86.5847
2025-02-22,86.64925
2025-02-23,86.64925
2025-02-24,86.6596
2025-02-25,87.17025
2025-02-26,87.1605
2025-02-27,87.32645
2025-02-28,87.41425
2025-03-02,87.4715
2025-03-03,87.2617
2025-03-04,87.3199
2025-03-05,86.90135
2025-03-06,87.0388
2025-03-07,87.14895
2025-03-08,87.14925
2025-03-09,87.14925
2025-03-10,87.2599
2025-03-11,87.20695
2025-03-12,87.15085
2025-03-13,86.94055
2025-03-14,86.94155
2025-03-15,86.94225
2025-03-16,86.9465
2025-03-17,86.70525
2025-03-18,86.51205
2025-03-19,86.3033
2025-03-20,86.345
2025-03-21,86.01675
2025-03-22,85.9945
2025-03-23,85.9945
2025-03-24,85.5954
2025-03-25,85.59925
2025-03-26,85.6827
2025-03-27,85.6635
2025-03-28,85.5187
2025-03-29,85.53895
2025-03-30,85.53895
2025-03-31,85.4703
2025-04-01,85.62445
2025-04-02,85.3988
2025-04-03,85.27455
2025-04-04,85.53055
2025-04-05,85.53285
2025-04-06,85.53285
2025-04-07,86.05445
2025-04-08,86.3194
2025-04-09,86.66975
2025-04-10,86.31865
2025-04-11,86.15695
2025-04-12,85.97315
2025-04-13,85.97315
2025-04-14,86.04865
2025-04-15,85.76945
2025-04-16,85.6148
2025-04-17,85.40485
2025-04-18,85.3775
2025-04-19,85.3775
2025-04-20,85.3775
2025-04-21,85.3775
2025-04-22,85.17435
2025-04-23,85.49105
2025-04-24,85.26635
2025-04-25,85.38825
2025-04-26,85.38485
2025-04-27,85.38485
2025-04-28,85.2192
2025-04-29,85.14085
2025-04-30,84.6387
2025-05-01,84.64315
2025-05-02,84.59375
2025-05-03,84.66725
2025-05-04,84.5265
2025-05-05,84.2688
2025-05-06,84.3002
2025-05-07,84.69935
2025-05-08,85.74745
2025-05-09,85.45175
2025-05-10,85.42235
2025-05-11,85.4085
2025-05-12,84.90815
2025-05-13,85.20445
2025-05-14,85.40045
2025-05-15,85.5188
2025-05-16,85.59575
2025-05-19,85.4176
2025-05-20,85.53885
2025-05-21,85.5987
2025-05-22,85.9927
2025-05-23,85.15115
2025-05-24,85.14205
2025-05-25,85.1995
2025-05-26,85.1208
2025-05-27,85.3696
2025-05-28,85.38025
2025-05-29,85.36695
2025-05-30,85.60295
2025-05-31,85.56865
2025-06-01,85.56785
2025-06-02,85.3973
2025-06-03,85.72235
2025-06-04,85.868
2025-06-05,85.84985
2025-06-06,85.8005
2025-06-07,85.7855
2025-06-08,85.7855
2025-06-09,85.6624
2025-06-10,85.60855
2025-06-11,85.44925
2025-06-12,85.5969
2025-06-13,86.0371
2025-06-16,85.9861
2025-06-17,86.3853
2025-06-18,86.4437
2025-06-19,86.8241
2025-06-20,86.5795
2025-06-21,86.60325
2025-06-22,86.5805
2025-06-23,86.57505
2025-06-24,85.913
2025-06-25,86.005
2025-06-26,85.6345
2025-06-27,85.4363
2025-06-28,85.50715
2025-06-29,85.4555
2025-06-30,85.695
2025-07-01,85.60535
2025-07-02,85.611
2025-07-03,85.4345
2025-07-04,85.4819
2025-07-05,85.80175
2025-07-06,85.80175
2025-07-07,85.8616
2025-07-08,85.79745
2025-07-09,85.71735
2025-07-10,85.7225
2025-07-11,85.82615
2025-07-12,85.8255
2025-07-13,85.8255
2025-07-14,86.0001
2025-07-15,86.0072
2025-07-16,85.8941
2025-07-17,86.0576
2025-07-18,86.1864
2025-07-19,86.1488
2025-07-20,86.1488
2025-07-21,86.245
2025-07-22,86.3338
2025-07-23,86.3884
2025-07-24,86.4152
2025-07-25,86.5178
2025-07-26,86.5063
2025-07-27,86.5063
2025-07-28,86.7359
2025-07-29,87.0467
2025-07-30,87.597
2025-07-31,87.5268
2025-08-01,87.1638
2025-08-02,87.1679
2025-08-03,87.1679
2025-08-04,87.79775
2025-08-05,87.8115
2025-08-06,87.7367
2025-08-07,87.444
2025-08-08,87.5567
2025-08-09,87.72425
2025-08-10,87.72425
2025-08-11,87.65965
2025-08-12,87.59305
2025-08-13,87.41385
2025-08-14,87.6559
2025-08-15,87.5181
2025-08-16,87.51385
2025-08-17,87.5135
2025-08-18,87.3278
2025-08-19,87.06895
2025-08-20,87.03
2025-08-21,87.3295
2025-08-22,87.3436
2025-08-23,87.33025
2025-08-24,87.3315
2025-08-25,87.5572
2025-08-26,87.6433
2025-08-27,87.6547
2025-08-28,87.5912
2025-08-29,88.19835
2025-08-30,88.16745
2025-08-31,88.1745
2025-09-01,87.99535
2025-09-02,88.02955
2025-09-03,88.06335
2025-09-04,88.1923
2025-09-05,88.11305
2025-09-06,88.1865
2025-09-07,88.1865
2025-09-08,87.99155
2025-09-09,88.22125
2025-09-10,88.06705
2025-09-11,88.31335
2025-09-12,88.2915
2025-09-13,88.27785
2025-09-14,88.2775
2025-09-15,88.14635
2025-09-16,88.0005
2025-09-17,87.79555
2025-09-18,88.1737
2025-09-19,88.09125
2025-09-20,88.09935
2025-09-21,88.09935
2025-09-22,88.3025
2025-09-23,88.7871
2025-09-24,88.7645
2025-09-25,88.74625
2025-09-26,88.65385
2025-09-27,88.67225
2025-09-28,88.67225
2025-09-29,88.71345
2025-09-30,88.84795
2025-10-01,88.65665
2025-10-02,88.74135
2025-10-03,88.74735
2025-10-04,88.7353
2025-10-05,88.7353
2025-10-06,88.70565
2025-10-07,88.73535
2025-10-08,88.79655
2025-10-09,88.86435
2025-10-10,88.805
2025-10-11,88.7513
2025-10-12,88.7513
2025-10-13,88.63935
2025-10-14,88.7518
2025-10-15,87.934
2025-10-16,88.049
2025-10-17,87.9726
2025-10-18,88.02565
2025-10-19,88.02565
2025-10-20,87.94895
2025-10-21,87.98825
2025-10-22,87.70695
2025-10-23,87.8085
2025-10-24,87.83655
2025-10-25,87.82005
2025-10-26,87.8365
2025-10-27,88.23435
2025-10-28,88.2239
2025-10-29,88.3365
2025-10-30,88.6311
2025-10-31,88.80645
2025-11-03,88.71535
2025-11-04,88.70005
2025-11-05,88.5605
2025-11-06,88.66205
2025-11-07,88.69515
2025-11-10,88.72915
2025-11-11,88.44475
2025-11-12,88.61085
2025-11-13,88.80145
2025-11-14,88.686
2025-11-15,88.6895
2025-11-16,88.6895
2025-11-17,88.6045
2025-11-18,88.54815
2025-11-19,88.49005
2025-11-20,88.68235
2025-11-21,89.5615
2025-11-22,89.6415
2025-11-24,89.1234
2025-11-25,89.17235
2025-11-26,89.18025
2025-11-27,89.36305
2025-11-28,89.35225
2025-11-29,89.34785
2025-11-30,89.3575
2025-12-01,89.6058
2025-12-02,89.93335
2025-12-03,90.16535
